,store,name,product-link,price,category,image_url
0,Imtiaz,LU Wheatable F/P,https://shop.imtiaz.com.pk/product/product-item-368136,Rs. 89.00,Biscuits & Wafers,https://shop.imtiaz.com.pk/_next/image?url=https%3A%2F%2Fimtiaz-i.s3.ap-southeast-1.amazonaws.com%2F55126%2Fgallery%2FCON170001253.jpg&w=3840&q=90
1,Imtiaz,Murree Brewery's Beer Lemon Malt N/R 250ml,https://shop.imtiaz.com.pk/product/product-item-364496,Rs. 79.00,Carbonated Soft Drinks,https://shop.imtiaz.com.pk/_next/image?url=https%3A%2F%2Fimtiaz-i.s3.ap-southeast-1.amazonaws.com%2F55126%2Fgallery%2FBEV110000944.jpg&w=3840&q=90
2,Imtiaz,Murree Brewery's Drink Big Apple PET 500ml,https://shop.imtiaz.com.pk/product/product-item-364498,Rs. 78.00,Carbonated Soft Drinks,https://shop.imtiaz.com.pk/_next/image?url=https%3A%2F%2Fimtiaz-i.s3.ap-southeast-1.amazonaws.com%2F55126%2Fgallery%2FBEV110000123.jpg&w=3840&q=90
3,Imtiaz,Murree Brewery's Drink Big Apple PET 1500ml,https://shop.imtiaz.com.pk/product/product-item-366558,Rs. 155.00,Carbonated Soft Drinks,https://shop.imtiaz.com.pk/_next/image?url=https%3A%2F%2Fimtiaz-i.s3.ap-southeast-1.amazonaws.com%2F55126%2Fgallery%2FBEV110000117.jpg&w=3840&q=90
4,Imtiaz,Murree Brewery's Beer Can Peach Malt 250ml,https://shop.imtiaz.com.pk/product/product-item-368319,Rs. 82.00,Carbonated Soft Drinks,https://shop.imtiaz.com.pk/_next/image?url=https%3A%2F%2Fimtiaz-i.s3.ap-southeast-1.amazonaws.com%2F55126%2Fgallery%2FBEV110000965.jpg&w=3840&q=90
5,Imtiaz,Murree Brewery's Drink Lemon Malt 500ml,https://shop.imtiaz.com.pk/product/product-item-368321,Rs. 105.00,Carbonated Soft Drinks,https://shop.imtiaz.com.pk/_next/image?url=https%3A%2F%2Fimtiaz-i.s3.ap-southeast-1.amazonaws.com%2F55126%2Fgallery%2FBEV110000947.jpg&w=3840&q=90
6,Imtiaz,Murree Brewery's Beer Can Lemon Malt 250ml,https://shop.imtiaz.com.pk/product/product-item-368323,Rs. 82.00,Carbonated Soft Drinks,https://shop.imtiaz.com.pk/_next/image?url=https%3A%2F%2Fimtiaz-i.s3.ap-southeast-1.amazonaws.com%2F55126%2Fgallery%2FBEV110000941.jpg&w=3840&q=90
7,Imtiaz,Murree Brewery's Drink Can Big Lychee 250ml,https://shop.imtiaz.com.pk/product/product-item-368327,Rs. 82.00,Carbonated Soft Drinks,https://shop.imtiaz.com.pk/_next/image?url=https%3A%2F%2Fimtiaz-i.s3.ap-southeast-1.amazonaws.com%2F55126%2Fgallery%2FBEV110000156.jpg&w=3840&q=90
8,Imtiaz,Murree Brewery's Beer Peach Malt N/R 250ml,https://shop.imtiaz.com.pk/product/product-item-364497,Rs. 79.00,Carbonated Soft Drinks,https://shop.imtiaz.com.pk/_next/image?url=https%3A%2F%2Fimtiaz-i.s3.ap-southeast-1.amazonaws.com%2F55126%2Fgallery%2FBEV110000948.jpg&w=3840&q=90
9,Imtiaz,Murree Brewery's Beer Lychee Malt N/R 250ml,https://shop.imtiaz.com.pk/product/product-item-368325,Rs. 79.00,Carbonated Soft Drinks,https://shop.imtiaz.com.pk/_next/image?url=https%3A%2F%2Fimtiaz-i.s3.ap-southeast-1.amazonaws.com%2F55126%2Fgallery%2FBEV110000974.jpg&w=3840&q=90
10,Imtiaz,Murree Brewery's Beer Malt79 N/R 250ml,https://shop.imtiaz.com.pk/product/product-item-368322,Rs. 79.00,Carbonated Soft Drinks,https://shop.imtiaz.com.pk/_next/image?url=https%3A%2F%2Fimtiaz-i.s3.ap-southeast-1.amazonaws.com%2F55126%2Fgallery%2FBEV110000939.jpg&w=3840&q=90
11,Imtiaz,Nestle Gold Nectar FV Red Anaar 1000ml,https://shop.imtiaz.com.pk/product/product-item-364457,Rs. 469.00,Juices & Nectars,https://shop.imtiaz.com.pk/_next/image?url=https%3A%2F%2Fimtiaz-i.s3.ap-southeast-1.amazonaws.com%2F55126%2Fgallery%2FBEV110000633.jpg&w=3840&q=90
12,Imtiaz,Nestle Gold Nectar FV Red Grape 1Ltr,https://shop.imtiaz.com.pk/product/product-item-364464,Rs. 449.00,Juices & Nectars,https://shop.imtiaz.com.pk/_next/image?url=https%3A%2F%2Fimtiaz-i.s3.ap-southeast-1.amazonaws.com%2F55126%2Fgallery%2FBEV110000627.jpg&w=3840&q=90
13,Imtiaz,Nestle Gold Nectar FV Pineapple Gold 1Ltr,https://shop.imtiaz.com.pk/product/product-item-364465,Rs. 469.00,Juices & Nectars,https://shop.imtiaz.com.pk/_next/image?url=https%3A%2F%2Fimtiaz-i.s3.ap-southeast-1.amazonaws.com%2F55126%2Fgallery%2FBEV110000632.jpg&w=3840&q=90
14,Imtiaz,Popular Maza Fruit Drink Mango Orange 250ml,https://shop.imtiaz.com.pk/product/product-item-364467,Rs. 48.00,Juices & Nectars,https://shop.imtiaz.com.pk/_next/image?url=https%3A%2F%2Fimtiaz-i.s3.ap-southeast-1.amazonaws.com%2F55126%2Fgallery%2FBEV110000332.jpg&w=3840&q=90
15,Imtiaz,Popular Maza Juice Apple Supremo 250ml,https://shop.imtiaz.com.pk/product/product-item-364472,Rs. 48.00,Juices & Nectars,https://shop.imtiaz.com.pk/_next/image?url=https%3A%2F%2Fimtiaz-i.s3.ap-southeast-1.amazonaws.com%2F55126%2Fgallery%2FBEV110000330.jpg&w=3840&q=90
16,Imtiaz,Cappy Juice Pulpy Orange 350ml,https://shop.imtiaz.com.pk/product/product-item-364475,Rs. 115.00,Juices & Nectars,https://shop.imtiaz.com.pk/_next/image?url=https%3A%2F%2Fimtiaz-i.s3.ap-southeast-1.amazonaws.com%2F55126%2Fgallery%2FBEV110000606.jpg&w=3840&q=90
17,Imtiaz,Nestle Gold Nectar FV Red Grape 200ml,https://shop.imtiaz.com.pk/product/product-item-364484,Rs. 69.00,Juices & Nectars,https://shop.imtiaz.com.pk/_next/image?url=https%3A%2F%2Fimtiaz-i.s3.ap-southeast-1.amazonaws.com%2F55126%2Fgallery%2FBEV110000628.jpg&w=3840&q=90
18,Imtiaz,Quice Juice Fruit Punch 250ml,https://shop.imtiaz.com.pk/product/product-item-364486,Rs. 35.00,Juices & Nectars,https://shop.imtiaz.com.pk/_next/image?url=https%3A%2F%2Fimtiaz-i.s3.ap-southeast-1.amazonaws.com%2F55126%2Fgallery%2FBEV110000380.jpg&w=3840&q=90
19,Imtiaz,Nestle Drink Nesfruta Apple 200ml,https://shop.imtiaz.com.pk/product/product-item-364487,Rs. 49.00,Juices & Nectars,https://shop.imtiaz.com.pk/_next/image?url=https%3A%2F%2Fimtiaz-i.s3.ap-southeast-1.amazonaws.com%2F55126%2Fgallery%2FBEV110000321.jpg&w=3840&q=90
20,Imtiaz,Popular Maza Juice Mango King 250ml,https://shop.imtiaz.com.pk/product/product-item-364491,Rs. 40.00,Juices & Nectars,https://shop.imtiaz.com.pk/_next/image?url=https%3A%2F%2Fimtiaz-i.s3.ap-southeast-1.amazonaws.com%2F55126%2Fgallery%2FBEV110000331.jpg&w=3840&q=90
21,Imtiaz,Aqua COCO Coconut Water 330ml,https://shop.imtiaz.com.pk/product/product-item-366541,Rs. 479.00,Juices & Nectars,https://shop.imtiaz.com.pk/_next/image?url=https%3A%2F%2Fimtiaz-i.s3.ap-southeast-1.amazonaws.com%2F55126%2Fgallery%2FBEV110000424.jpg&w=3840&q=90
22,Imtiaz,Fruitien Joy Fruit Drink Apple 200ml,https://shop.imtiaz.com.pk/product/product-item-366546,Rs. 47.00,Juices & Nectars,https://shop.imtiaz.com.pk/_next/image?url=https%3A%2F%2Fimtiaz-i.s3.ap-southeast-1.amazonaws.com%2F55126%2Fgallery%2FBEV110000388.jpg&w=3840&q=90
23,Imtiaz,Joiner Juice Grape 320ml,https://shop.imtiaz.com.pk/product/product-item-368286,Rs. 319.00,Juices & Nectars,https://shop.imtiaz.com.pk/_next/image?url=https%3A%2F%2Fimtiaz-i.s3.ap-southeast-1.amazonaws.com%2F55126%2Fgallery%2FBEV110000353.jpg&w=3840&q=90
24,Imtiaz,Joiner Juice Orange 320ml,https://shop.imtiaz.com.pk/product/product-item-368287,Rs. 319.00,Juices & Nectars,https://shop.imtiaz.com.pk/_next/image?url=https%3A%2F%2Fimtiaz-i.s3.ap-southeast-1.amazonaws.com%2F55126%2Fgallery%2FBEV110000354.jpg&w=3840&q=90
25,Imtiaz,Joiner Juice Pineapple 320ml,https://shop.imtiaz.com.pk/product/product-item-368288,Rs. 319.00,Juices & Nectars,https://shop.imtiaz.com.pk/_next/image?url=https%3A%2F%2Fimtiaz-i.s3.ap-southeast-1.amazonaws.com%2F55126%2Fgallery%2FBEV110000355.jpg&w=3840&q=90
26,Imtiaz,Popular Maza Fruit Drink Peach 200ml,https://shop.imtiaz.com.pk/product/product-item-368291,Rs. 40.00,Juices & Nectars,https://shop.imtiaz.com.pk/_next/image?url=https%3A%2F%2Fimtiaz-i.s3.ap-southeast-1.amazonaws.com%2F55126%2Fgallery%2FBEV110000524.jpg&w=3840&q=90
27,Imtiaz,Popular Fruit Drink N/R Lychee 250ml,https://shop.imtiaz.com.pk/product/product-item-368297,Rs. 109.00,Juices & Nectars,https://shop.imtiaz.com.pk/_next/image?url=https%3A%2F%2Fimtiaz-i.s3.ap-southeast-1.amazonaws.com%2F55126%2Fgallery%2FBEV110000623.jpg&w=3840&q=90
28,Imtiaz,Popular Maza Fruit Drink Chaunsa 200ml,https://shop.imtiaz.com.pk/product/product-item-368299,Rs. 49.00,Juices & Nectars,https://shop.imtiaz.com.pk/_next/image?url=https%3A%2F%2Fimtiaz-i.s3.ap-southeast-1.amazonaws.com%2F55126%2Fgallery%2FBEV110000342.jpg&w=3840&q=90
29,Imtiaz,Haleeb Fruit Drink Apple Apple 1Ltr,https://shop.imtiaz.com.pk/product/product-item-368300,Rs. 209.00,Juices & Nectars,https://shop.imtiaz.com.pk/_next/image?url=https%3A%2F%2Fimtiaz-i.s3.ap-southeast-1.amazonaws.com%2F55126%2Fgallery%2FBEV110000257.jpg&w=3840&q=90
30,Imtiaz,Malee Coconut Water 100% 1Ltr,https://shop.imtiaz.com.pk/product/product-item-368306,"Rs. 1,295.00",Juices & Nectars,https://shop.imtiaz.com.pk/_next/image?url=https%3A%2F%2Fimtiaz-i.s3.ap-southeast-1.amazonaws.com%2F55126%2Fgallery%2FBEV110000383.jpg&w=3840&q=90
31,Imtiaz,Malee Coconut Water 100% 330ml,https://shop.imtiaz.com.pk/product/product-item-368307,Rs. 469.00,Juices & Nectars,https://shop.imtiaz.com.pk/_next/image?url=https%3A%2F%2Fimtiaz-i.s3.ap-southeast-1.amazonaws.com%2F55126%2Fgallery%2FBEV110000384.jpg&w=3840&q=90
32,Imtiaz,Daani Float Chaunsa Can 250ml,https://shop.imtiaz.com.pk/product/product-item-370110,Rs. 119.00,Juices & Nectars,https://shop.imtiaz.com.pk/_next/image?url=https%3A%2F%2Fimtiaz-i.s3.ap-southeast-1.amazonaws.com%2F55126%2Fgallery%2FBEV110000624.jpg&w=3840&q=90
33,Imtiaz,Mogu Mogu Juice Peach 320ml,https://shop.imtiaz.com.pk/product/product-item-370112,Rs. 319.00,Juices & Nectars,https://shop.imtiaz.com.pk/_next/image?url=https%3A%2F%2Fimtiaz-i.s3.ap-southeast-1.amazonaws.com%2F55126%2Fgallery%2FBEV110000309.jpg&w=3840&q=90
34,Imtiaz,Mogu Mogu Juice Coconut 320ml,https://shop.imtiaz.com.pk/product/product-item-370115,Rs. 319.00,Juices & Nectars,https://shop.imtiaz.com.pk/_next/image?url=https%3A%2F%2Fimtiaz-i.s3.ap-southeast-1.amazonaws.com%2F55126%2Fgallery%2FBEV110000324.jpg&w=3840&q=90
35,Imtiaz,Popular Real Froot Fruit Drink Red Grape 200ml,https://shop.imtiaz.com.pk/product/product-item-370116,Rs. 48.00,Juices & Nectars,https://shop.imtiaz.com.pk/_next/image?url=https%3A%2F%2Fimtiaz-i.s3.ap-southeast-1.amazonaws.com%2F55126%2Fgallery%2FBEV110000302.jpg&w=3840&q=90
36,Imtiaz,Popular Fruit Drink N/R Red Anaar 250ml,https://shop.imtiaz.com.pk/product/product-item-370140,Rs. 109.00,Juices & Nectars,https://shop.imtiaz.com.pk/_next/image?url=https%3A%2F%2Fimtiaz-i.s3.ap-southeast-1.amazonaws.com%2F55126%2Fgallery%2FBEV110000634.jpg&w=3840&q=90
37,Imtiaz,Nestle Nectar FV 100% Orange 1Ltr,https://shop.imtiaz.com.pk/product/product-item-364459,Rs. 449.00,Juices & Nectars,https://shop.imtiaz.com.pk/_next/image?url=https%3A%2F%2Fimtiaz-i.s3.ap-southeast-1.amazonaws.com%2F55126%2Fgallery%2FBEV110000569.jpg&w=3840&q=90
38,Imtiaz,Nestle Nectar FV Royal Mangoes 1Ltr,https://shop.imtiaz.com.pk/product/product-item-364481,Rs. 409.00,Juices & Nectars,https://shop.imtiaz.com.pk/_next/image?url=https%3A%2F%2Fimtiaz-i.s3.ap-southeast-1.amazonaws.com%2F55126%2Fgallery%2FBEV110000618.jpg&w=3840&q=90
39,Imtiaz,Haleeb Fruit Drink Chaunsa Chaunsa 200ml,https://shop.imtiaz.com.pk/product/product-item-364468,Rs. 45.00,Juices & Nectars,https://shop.imtiaz.com.pk/_next/image?url=https%3A%2F%2Fimtiaz-i.s3.ap-southeast-1.amazonaws.com%2F55126%2Fgallery%2FBEV110000253.jpg&w=3840&q=90
40,Imtiaz,Haleeb Fruit Drink Apple Apple 200ml,https://shop.imtiaz.com.pk/product/product-item-366549,Rs. 45.00,Juices & Nectars,https://shop.imtiaz.com.pk/_next/image?url=https%3A%2F%2Fimtiaz-i.s3.ap-southeast-1.amazonaws.com%2F55126%2Fgallery%2FBEV110000254.jpg&w=3840&q=90
41,Imtiaz,Quice Perfect Juice Red Anaar 200ml,https://shop.imtiaz.com.pk/product/product-item-364462,Rs. 40.00,Juices & Nectars,https://shop.imtiaz.com.pk/_next/image?url=https%3A%2F%2Fimtiaz-i.s3.ap-southeast-1.amazonaws.com%2F55126%2Fgallery%2FBEV110000266.jpg&w=3840&q=90
42,Imtiaz,Quice Perfect Juice Apple 200ml,https://shop.imtiaz.com.pk/product/product-item-364473,Rs. 40.00,Juices & Nectars,https://shop.imtiaz.com.pk/_next/image?url=https%3A%2F%2Fimtiaz-i.s3.ap-southeast-1.amazonaws.com%2F55126%2Fgallery%2FBEV110000271.jpg&w=3840&q=90
43,Imtiaz,Shangrila lemon Juice 275ml,https://shop.imtiaz.com.pk/product/product-item-364455,Rs. 199.00,Juices & Nectars,https://shop.imtiaz.com.pk/_next/image?url=https%3A%2F%2Fimtiaz-i.s3.ap-southeast-1.amazonaws.com%2F55126%2Fgallery%2FCND160000005.jpg&w=3840&q=90
44,Imtiaz,Nestle Nectar FV Kinnow 200ml,https://shop.imtiaz.com.pk/product/product-item-364490,Rs. 69.00,Juices & Nectars,https://shop.imtiaz.com.pk/_next/image?url=https%3A%2F%2Fimtiaz-i.s3.ap-southeast-1.amazonaws.com%2F55126%2Fgallery%2FBEV110000591.jpg&w=3840&q=90
45,Imtiaz,Nestle Nectar FV Kinnow 1Ltr,https://shop.imtiaz.com.pk/product/product-item-364471,Rs. 369.00,Juices & Nectars,https://shop.imtiaz.com.pk/_next/image?url=https%3A%2F%2Fimtiaz-i.s3.ap-southeast-1.amazonaws.com%2F55126%2Fgallery%2FBEV110000590.jpg&w=3840&q=90
46,Imtiaz,Nestle Nectar FV Apple 1Ltr,https://shop.imtiaz.com.pk/product/product-item-364479,Rs. 369.00,Juices & Nectars,https://shop.imtiaz.com.pk/_next/image?url=https%3A%2F%2Fimtiaz-i.s3.ap-southeast-1.amazonaws.com%2F55126%2Fgallery%2FBEV110000554.jpg&w=3840&q=90
47,Imtiaz,Nestle Nectar FV Guava 200ml,https://shop.imtiaz.com.pk/product/product-item-364476,Rs. 69.00,Juices & Nectars,https://shop.imtiaz.com.pk/_next/image?url=https%3A%2F%2Fimtiaz-i.s3.ap-southeast-1.amazonaws.com%2F55126%2Fgallery%2FBEV110000563.jpg&w=3840&q=90
48,Imtiaz,Nestle Nectar FV Peach 1Ltr,https://shop.imtiaz.com.pk/product/product-item-364470,Rs. 369.00,Juices & Nectars,https://shop.imtiaz.com.pk/_next/image?url=https%3A%2F%2Fimtiaz-i.s3.ap-southeast-1.amazonaws.com%2F55126%2Fgallery%2FBEV110000564.jpg&w=3840&q=90
49,Imtiaz,Nestle Nectar FV Guava 1Ltr,https://shop.imtiaz.com.pk/product/product-item-364458,Rs. 369.00,Juices & Nectars,https://shop.imtiaz.com.pk/_next/image?url=https%3A%2F%2Fimtiaz-i.s3.ap-southeast-1.amazonaws.com%2F55126%2Fgallery%2FBEV110000562.jpg&w=3840&q=90
50,Imtiaz,Nestle Drink Nesfruta Mango 200ml,https://shop.imtiaz.com.pk/product/product-item-363669,Rs. 49.00,Juices & Nectars,https://shop.imtiaz.com.pk/_next/image?url=https%3A%2F%2Fimtiaz-i.s3.ap-southeast-1.amazonaws.com%2F55126%2Fgallery%2FBEV110000319.jpg&w=3840&q=90
51,Imtiaz,Nestle Fruit Drink Apple 1Ltr,https://shop.imtiaz.com.pk/product/product-item-368302,Rs. 245.00,Juices & Nectars,https://shop.imtiaz.com.pk/_next/image?url=https%3A%2F%2Fimtiaz-i.s3.ap-southeast-1.amazonaws.com%2F55126%2Fgallery%2FBEV110000322.jpg&w=3840&q=90
52,Imtiaz,Nestle Fruit Drink Mango 1Ltr,https://shop.imtiaz.com.pk/product/product-item-364456,Rs. 235.00,Juices & Nectars,https://shop.imtiaz.com.pk/_next/image?url=https%3A%2F%2Fimtiaz-i.s3.ap-southeast-1.amazonaws.com%2F55126%2Fgallery%2FBEV110000281.jpg&w=3840&q=90
53,Imtiaz,Nestle Nectar FV Peach 200ml,https://shop.imtiaz.com.pk/product/product-item-364489,Rs. 69.00,Juices & Nectars,https://shop.imtiaz.com.pk/_next/image?url=https%3A%2F%2Fimtiaz-i.s3.ap-southeast-1.amazonaws.com%2F55126%2Fgallery%2FBEV110000565.jpg&w=3840&q=90
54,Imtiaz,Gatorade Sport Drink Tropical Fruit Local 500ml,https://shop.imtiaz.com.pk/product/product-item-364452,Rs. 95.00,Sports Drink,https://shop.imtiaz.com.pk/_next/image?url=https%3A%2F%2Fimtiaz-i.s3.ap-southeast-1.amazonaws.com%2F55126%2Fgallery%2FBEV110001267.jpg&w=3840&q=90
55,Imtiaz,Gatorade Sport Drink Blue Bolt Local 500ml,https://shop.imtiaz.com.pk/product/product-item-364453,Rs. 95.00,Sports Drink,https://shop.imtiaz.com.pk/_next/image?url=https%3A%2F%2Fimtiaz-i.s3.ap-southeast-1.amazonaws.com%2F55126%2Fgallery%2FBEV110001269.jpg&w=3840&q=90
56,Imtiaz,Milo Drinking Powder Pouch 500g,https://shop.imtiaz.com.pk/product/product-item-364492,"Rs. 1,549.00",Make to drink,https://shop.imtiaz.com.pk/_next/image?url=https%3A%2F%2Fimtiaz-i.s3.ap-southeast-1.amazonaws.com%2F55126%2Fgallery%2FBEV110000828.jpg&w=3840&q=90
57,Imtiaz,Milo Drinking Powder Pouch 300g,https://shop.imtiaz.com.pk/product/product-item-364493,Rs. 999.00,Make to drink,https://shop.imtiaz.com.pk/_next/image?url=https%3A%2F%2Fimtiaz-i.s3.ap-southeast-1.amazonaws.com%2F55126%2Fgallery%2FBEV110000808.jpg&w=3840&q=90
58,Imtiaz,Nestle Milo Powder 15g,https://shop.imtiaz.com.pk/product/product-item-368312,Rs. 59.00,Make to drink,https://shop.imtiaz.com.pk/_next/image?url=https%3A%2F%2Fimtiaz-i.s3.ap-southeast-1.amazonaws.com%2F55126%2Fgallery%2FBEV110000827.jpg&w=3840&q=90
59,Imtiaz,Dasani Mineral Water 1500ml,https://shop.imtiaz.com.pk/product/product-item-363658,Rs. 75.00,Water,https://shop.imtiaz.com.pk/_next/image?url=https%3A%2F%2Fimtiaz-i.s3.ap-southeast-1.amazonaws.com%2F55126%2Fgallery%2FBEV110001225.jpg&w=3840&q=90
60,Imtiaz,Dasani Mineral Water 500ml,https://shop.imtiaz.com.pk/product/product-item-363661,Rs. 40.00,Water,https://shop.imtiaz.com.pk/_next/image?url=https%3A%2F%2Fimtiaz-i.s3.ap-southeast-1.amazonaws.com%2F55126%2Fgallery%2FBEV110001224.jpg&w=3840&q=90
61,Imtiaz,Nestle Mineral Water 1500ml,https://shop.imtiaz.com.pk/product/product-item-363662,Rs. 89.00,Water,https://shop.imtiaz.com.pk/_next/image?url=https%3A%2F%2Fimtiaz-i.s3.ap-southeast-1.amazonaws.com%2F55126%2Fgallery%2FBEV110001205.jpg&w=3840&q=90
62,Imtiaz,Masafi Mineral Water 1500ml.,https://shop.imtiaz.com.pk/product/product-item-370107,Rs. 249.00,Water,https://shop.imtiaz.com.pk/_next/image?url=https%3A%2F%2Fimtiaz-i.s3.ap-southeast-1.amazonaws.com%2F55126%2Fgallery%2FBEV110001207.jpg&w=3840&q=90
63,Imtiaz,Aquafina Pure Drinking Water 330ml,https://shop.imtiaz.com.pk/product/product-item-363659,Rs. 29.00,Water,https://shop.imtiaz.com.pk/_next/image?url=https%3A%2F%2Fimtiaz-i.s3.ap-southeast-1.amazonaws.com%2F55126%2Fgallery%2FBEV110001503.jpg&w=3840&q=90
64,Imtiaz,Aquafina Mineral Water 1500ml,https://shop.imtiaz.com.pk/product/product-item-363663,Rs. 75.00,Water,https://shop.imtiaz.com.pk/_next/image?url=https%3A%2F%2Fimtiaz-i.s3.ap-southeast-1.amazonaws.com%2F55126%2Fgallery%2FBEV110001208.jpg&w=3840&q=90
65,Imtiaz,Nestle Mineral Water 500ml,https://shop.imtiaz.com.pk/product/product-item-363664,Rs. 47.00,Water,https://shop.imtiaz.com.pk/_next/image?url=https%3A%2F%2Fimtiaz-i.s3.ap-southeast-1.amazonaws.com%2F55126%2Fgallery%2FBEV110001204.jpg&w=3840&q=90
66,Imtiaz,Tapal Green Tea Bags Mint 30's,https://shop.imtiaz.com.pk/product/product-item-368341,Rs. 239.00,Tea,https://shop.imtiaz.com.pk/_next/image?url=https%3A%2F%2Fimtiaz-i.s3.ap-southeast-1.amazonaws.com%2F55126%2Fgallery%2FBEV110001122.jpg&w=3840&q=90
67,Imtiaz,Tapal Green Tea Bags Tropical Peach 30's,https://shop.imtiaz.com.pk/product/product-item-368342,Rs. 239.00,Tea,https://shop.imtiaz.com.pk/_next/image?url=https%3A%2F%2Fimtiaz-i.s3.ap-southeast-1.amazonaws.com%2F55126%2Fgallery%2FBEV110001133.jpg&w=3840&q=90
68,Imtiaz,Tapal Green Tea Bags Ginger Honey 30's,https://shop.imtiaz.com.pk/product/product-item-368343,Rs. 239.00,Tea,https://shop.imtiaz.com.pk/_next/image?url=https%3A%2F%2Fimtiaz-i.s3.ap-southeast-1.amazonaws.com%2F55126%2Fgallery%2FBEV110001152.jpg&w=3840&q=90
69,Imtiaz,Tapal Green Tea Bags Elaichi 30's,https://shop.imtiaz.com.pk/product/product-item-370217,Rs. 239.00,Tea,https://shop.imtiaz.com.pk/_next/image?url=https%3A%2F%2Fimtiaz-i.s3.ap-southeast-1.amazonaws.com%2F55126%2Fgallery%2FBEV110001115.jpg&w=3840&q=90
70,Imtiaz,Tapal Green Tea Gulbahar 28g,https://shop.imtiaz.com.pk/product/product-item-364596,Rs. 48.00,Tea,https://shop.imtiaz.com.pk/_next/image?url=https%3A%2F%2Fimtiaz-i.s3.ap-southeast-1.amazonaws.com%2F55126%2Fgallery%2FBEV110001108.jpg&w=3840&q=90
71,Imtiaz,Tapal Green Tea Bags Lemon 30's,https://shop.imtiaz.com.pk/product/product-item-367895,Rs. 239.00,Tea,https://shop.imtiaz.com.pk/_next/image?url=https%3A%2F%2Fimtiaz-i.s3.ap-southeast-1.amazonaws.com%2F55126%2Fgallery%2FBEV110001114.jpg&w=3840&q=90
72,Imtiaz,Tapal Green Tea Bags Pure Green 30's,https://shop.imtiaz.com.pk/product/product-item-370218,Rs. 239.00,Tea,https://shop.imtiaz.com.pk/_next/image?url=https%3A%2F%2Fimtiaz-i.s3.ap-southeast-1.amazonaws.com%2F55126%2Fgallery%2FBEV110001136.jpg&w=3840&q=90
73,Imtiaz,Tapal Green Tea Bags Selection Pack 32's,https://shop.imtiaz.com.pk/product/product-item-367892,Rs. 249.00,Tea,https://shop.imtiaz.com.pk/_next/image?url=https%3A%2F%2Fimtiaz-i.s3.ap-southeast-1.amazonaws.com%2F55126%2Fgallery%2FBEV110001113.jpg&w=3840&q=90
74,Imtiaz,Tapal Green Tea LemonGrass Jar 100g,https://shop.imtiaz.com.pk/product/product-item-367891,Rs. 275.00,Tea,https://shop.imtiaz.com.pk/_next/image?url=https%3A%2F%2Fimtiaz-i.s3.ap-southeast-1.amazonaws.com%2F55126%2Fgallery%2FBEV110001105.jpg&w=3840&q=90
75,Imtiaz,Nescafe Coffee Classic Local 100g,https://shop.imtiaz.com.pk/product/product-item-364594,"Rs. 2,035.00",Coffee,https://shop.imtiaz.com.pk/_next/image?url=https%3A%2F%2Fimtiaz-i.s3.ap-southeast-1.amazonaws.com%2F55126%2Fgallery%2FBEV110000224.jpg&w=3840&q=90
76,Imtiaz,Nescafe Coffee Classic Local Round 200g,https://shop.imtiaz.com.pk/product/product-item-366981,"Rs. 3,749.00",Coffee,https://shop.imtiaz.com.pk/_next/image?url=https%3A%2F%2Fimtiaz-i.s3.ap-southeast-1.amazonaws.com%2F55126%2Fgallery%2FBEV110000235.jpg&w=3840&q=90
77,Imtiaz,Imtiaz Coffee Classic 85g,https://shop.imtiaz.com.pk/product/product-item-374873,"Rs. 1,599.00",Coffee,https://shop.imtiaz.com.pk/_next/image?url=https%3A%2F%2Fimtiaz-i.s3.ap-southeast-1.amazonaws.com%2F55126%2Fdish_image%2F1700662535.jpg&w=3840&q=90
78,Imtiaz,Imtiaz Coffee Classic 50g,https://shop.imtiaz.com.pk/product/product-item-374870,Rs. 899.00,Coffee,https://shop.imtiaz.com.pk/_next/image?url=https%3A%2F%2Fimtiaz-i.s3.ap-southeast-1.amazonaws.com%2F55126%2Fdish_image%2F1700662501.jpg&w=3840&q=90
79,Imtiaz,Tapal Tea Danedar Elaichi 3in1 20g,https://shop.imtiaz.com.pk/product/product-item-363734,Rs. 90.00,Instant Tea & Coffee,https://shop.imtiaz.com.pk/_next/image?url=https%3A%2F%2Fimtiaz-i.s3.ap-southeast-1.amazonaws.com%2F55126%2Fgallery%2FBEV110001308.jpg&w=3840&q=90
80,Imtiaz,Everyday Tea Whitener Mixed Tea 560g,https://shop.imtiaz.com.pk/product/product-item-363731,"Rs. 1,149.00",Tea Whiteners,https://shop.imtiaz.com.pk/_next/image?url=https%3A%2F%2Fimtiaz-i.s3.ap-southeast-1.amazonaws.com%2F55126%2Fgallery%2FDAI180000301.jpg&w=3840&q=90
81,Imtiaz,Everyday Tea Whitener 850g,https://shop.imtiaz.com.pk/product/product-item-363732,"Rs. 1,629.00",Tea Whiteners,https://shop.imtiaz.com.pk/_next/image?url=https%3A%2F%2Fimtiaz-i.s3.ap-southeast-1.amazonaws.com%2F55126%2Fgallery%2FDAI180000294.jpg&w=3840&q=90
82,Imtiaz,Tarang Milk 220ml,https://shop.imtiaz.com.pk/product/product-item-363733,Rs. 58.00,Tea Whiteners,https://shop.imtiaz.com.pk/_next/image?url=https%3A%2F%2Fimtiaz-i.s3.ap-southeast-1.amazonaws.com%2F55126%2Fgallery%2FDAI180000101.jpg&w=3840&q=90
83,Imtiaz,Everyday Tea Whitener 1800g,https://shop.imtiaz.com.pk/product/product-item-364582,"Rs. 3,389.00",Tea Whiteners,https://shop.imtiaz.com.pk/_next/image?url=https%3A%2F%2Fimtiaz-i.s3.ap-southeast-1.amazonaws.com%2F55126%2Fgallery%2FDAI180000295.jpg&w=3840&q=90
84,Imtiaz,Everyday Tea Whitener 1200g,https://shop.imtiaz.com.pk/product/product-item-364583,"Rs. 2,279.00",Tea Whiteners,https://shop.imtiaz.com.pk/_next/image?url=https%3A%2F%2Fimtiaz-i.s3.ap-southeast-1.amazonaws.com%2F55126%2Fgallery%2FDAI180000299.jpg&w=3840&q=90
85,Imtiaz,Everyday Tea Whitener 350g,https://shop.imtiaz.com.pk/product/product-item-364585,Rs. 719.00,Tea Whiteners,https://shop.imtiaz.com.pk/_next/image?url=https%3A%2F%2Fimtiaz-i.s3.ap-southeast-1.amazonaws.com%2F55126%2Fgallery%2FDAI180000293.jpg&w=3840&q=90
86,Imtiaz,Everyday Tea Whitener Mixed Tea 230g,https://shop.imtiaz.com.pk/product/product-item-364586,Rs. 479.00,Tea Whiteners,https://shop.imtiaz.com.pk/_next/image?url=https%3A%2F%2Fimtiaz-i.s3.ap-southeast-1.amazonaws.com%2F55126%2Fgallery%2FDAI180000300.jpg&w=3840&q=90
87,Imtiaz,Ponam Black Eyed Beans (White Lobia) 500g,https://shop.imtiaz.com.pk/product/product-item-363403,Rs. 169.00,Pulses & Grains,https://shop.imtiaz.com.pk/_next/image?url=https%3A%2F%2Fimtiaz-i.s3.ap-southeast-1.amazonaws.com%2F55126%2Fgallery%2FCFG150000022.jpg&w=3840&q=90
88,Imtiaz,Ponam Masoor Whole 1000g,https://shop.imtiaz.com.pk/product/product-item-363404,Rs. 249.00,Pulses & Grains,https://shop.imtiaz.com.pk/_next/image?url=https%3A%2F%2Fimtiaz-i.s3.ap-southeast-1.amazonaws.com%2F55126%2Fgallery%2FCFG150000151.jpg&w=3840&q=90
89,Imtiaz,Ponam Chana Black 1000g,https://shop.imtiaz.com.pk/product/product-item-363405,Rs. 229.00,Pulses & Grains,https://shop.imtiaz.com.pk/_next/image?url=https%3A%2F%2Fimtiaz-i.s3.ap-southeast-1.amazonaws.com%2F55126%2Fgallery%2FCFG150000042.jpg&w=3840&q=90
90,Imtiaz,Ponam Chana White B-9 1000g,https://shop.imtiaz.com.pk/product/product-item-363406,Rs. 245.00,Pulses & Grains,https://shop.imtiaz.com.pk/_next/image?url=https%3A%2F%2Fimtiaz-i.s3.ap-southeast-1.amazonaws.com%2F55126%2Fgallery%2FCFG150000046.jpg&w=3840&q=90
91,Imtiaz,Ponam Chana White B-9 500g,https://shop.imtiaz.com.pk/product/product-item-363407,Rs. 125.00,Pulses & Grains,https://shop.imtiaz.com.pk/_next/image?url=https%3A%2F%2Fimtiaz-i.s3.ap-southeast-1.amazonaws.com%2F55126%2Fgallery%2FCFG150000047.jpg&w=3840&q=90
92,Imtiaz,Ponam Chana Black 500g,https://shop.imtiaz.com.pk/product/product-item-363408,Rs. 119.00,Pulses & Grains,https://shop.imtiaz.com.pk/_next/image?url=https%3A%2F%2Fimtiaz-i.s3.ap-southeast-1.amazonaws.com%2F55126%2Fgallery%2FCFG150000043.jpg&w=3840&q=90
93,Imtiaz,Ponam Dal Mash 500g,https://shop.imtiaz.com.pk/product/product-item-363409,Rs. 183.00,Pulses & Grains,https://shop.imtiaz.com.pk/_next/image?url=https%3A%2F%2Fimtiaz-i.s3.ap-southeast-1.amazonaws.com%2F55126%2Fgallery%2FCFG150000070.jpg&w=3840&q=90
94,Imtiaz,Ponam Masoor Whole 500g,https://shop.imtiaz.com.pk/product/product-item-363410,Rs. 125.00,Pulses & Grains,https://shop.imtiaz.com.pk/_next/image?url=https%3A%2F%2Fimtiaz-i.s3.ap-southeast-1.amazonaws.com%2F55126%2Fgallery%2FCFG150000152.jpg&w=3840&q=90
95,Imtiaz,Ponam Red Kidney Beans (Lobia) 500g,https://shop.imtiaz.com.pk/product/product-item-363411,Rs. 239.00,Pulses & Grains,https://shop.imtiaz.com.pk/_next/image?url=https%3A%2F%2Fimtiaz-i.s3.ap-southeast-1.amazonaws.com%2F55126%2Fgallery%2FCFG150000177.jpg&w=3840&q=90
96,Imtiaz,Ponam Chana White Supreme 500g,https://shop.imtiaz.com.pk/product/product-item-363414,Rs. 199.00,Pulses & Grains,https://shop.imtiaz.com.pk/_next/image?url=https%3A%2F%2Fimtiaz-i.s3.ap-southeast-1.amazonaws.com%2F55126%2Fgallery%2FCFG150000049.jpg&w=3840&q=90
97,Imtiaz,Ponam Chana White Supreme 1000g,https://shop.imtiaz.com.pk/product/product-item-363415,Rs. 399.00,Pulses & Grains,https://shop.imtiaz.com.pk/_next/image?url=https%3A%2F%2Fimtiaz-i.s3.ap-southeast-1.amazonaws.com%2F55126%2Fgallery%2FCFG150000048.jpg&w=3840&q=90
98,Imtiaz,Ponam Dal Chana Supreme 1000g,https://shop.imtiaz.com.pk/product/product-item-363417,Rs. 249.00,Pulses & Grains,https://shop.imtiaz.com.pk/_next/image?url=https%3A%2F%2Fimtiaz-i.s3.ap-southeast-1.amazonaws.com%2F55126%2Fgallery%2FCFG150000067.jpg&w=3840&q=90
99,Imtiaz,Ponam Dal Chana Supreme 500g,https://shop.imtiaz.com.pk/product/product-item-363418,Rs. 127.00,Pulses & Grains,https://shop.imtiaz.com.pk/_next/image?url=https%3A%2F%2Fimtiaz-i.s3.ap-southeast-1.amazonaws.com%2F55126%2Fgallery%2FCFG150000068.jpg&w=3840&q=90
100,Imtiaz,Ponam Dal Moong 500g,https://shop.imtiaz.com.pk/product/product-item-363419,Rs. 185.00,Pulses & Grains,https://shop.imtiaz.com.pk/_next/image?url=https%3A%2F%2Fimtiaz-i.s3.ap-southeast-1.amazonaws.com%2F55126%2Fgallery%2FCFG150000078.jpg&w=3840&q=90
101,Imtiaz,Ponam Moong Whole 500g,https://shop.imtiaz.com.pk/product/product-item-364858,Rs. 175.00,Pulses & Grains,https://shop.imtiaz.com.pk/_next/image?url=https%3A%2F%2Fimtiaz-i.s3.ap-southeast-1.amazonaws.com%2F55126%2Fgallery%2FCFG150000156.jpg&w=3840&q=90
102,Imtiaz,Ponam Dal Moong Chilka 500g,https://shop.imtiaz.com.pk/product/product-item-364859,Rs. 180.00,Pulses & Grains,https://shop.imtiaz.com.pk/_next/image?url=https%3A%2F%2Fimtiaz-i.s3.ap-southeast-1.amazonaws.com%2F55126%2Fgallery%2FCFG150000080.jpg&w=3840&q=90
103,Imtiaz,Ponam Dal Mix 500g,https://shop.imtiaz.com.pk/product/product-item-364860,Rs. 189.00,Pulses & Grains,https://shop.imtiaz.com.pk/_next/image?url=https%3A%2F%2Fimtiaz-i.s3.ap-southeast-1.amazonaws.com%2F55126%2Fgallery%2FCFG150000076.jpg&w=3840&q=90
104,Imtiaz,Ponam Gandum 500g,https://shop.imtiaz.com.pk/product/product-item-364861,Rs. 75.00,Pulses & Grains,https://shop.imtiaz.com.pk/_next/image?url=https%3A%2F%2Fimtiaz-i.s3.ap-southeast-1.amazonaws.com%2F55126%2Fgallery%2FCFG150000096.jpg&w=3840&q=90
105,Imtiaz,Ponam Dal Mash 1000g,https://shop.imtiaz.com.pk/product/product-item-364862,Rs. 359.00,Pulses & Grains,https://shop.imtiaz.com.pk/_next/image?url=https%3A%2F%2Fimtiaz-i.s3.ap-southeast-1.amazonaws.com%2F55126%2Fgallery%2FCFG150000069.jpg&w=3840&q=90
106,Imtiaz,Ponam Dal Mash Chilka Black 500g,https://shop.imtiaz.com.pk/product/product-item-366138,Rs. 183.00,Pulses & Grains,https://shop.imtiaz.com.pk/_next/image?url=https%3A%2F%2Fimtiaz-i.s3.ap-southeast-1.amazonaws.com%2F55126%2Fgallery%2FCFG150000071.jpg&w=3840&q=90
107,Imtiaz,Ponam Dal Mash Whole 500g,https://shop.imtiaz.com.pk/product/product-item-366139,Rs. 183.00,Pulses & Grains,https://shop.imtiaz.com.pk/_next/image?url=https%3A%2F%2Fimtiaz-i.s3.ap-southeast-1.amazonaws.com%2F55126%2Fgallery%2FCFG150000073.jpg&w=3840&q=90
108,Imtiaz,Bake Parlor Macaroni Twisted 400g,https://shop.imtiaz.com.pk/product/product-item-363461,Rs. 169.00,Noodles & Pasta,https://shop.imtiaz.com.pk/_next/image?url=https%3A%2F%2Fimtiaz-i.s3.ap-southeast-1.amazonaws.com%2F55126%2Fgallery%2FEDG190000495.jpg&w=3840&q=90
109,Imtiaz,Crispo Macaroni Twist 400g,https://shop.imtiaz.com.pk/product/product-item-364925,Rs. 145.00,Noodles & Pasta,https://shop.imtiaz.com.pk/_next/image?url=https%3A%2F%2Fimtiaz-i.s3.ap-southeast-1.amazonaws.com%2F55126%2Fgallery%2FEDG190000746.jpg&w=3840&q=90
110,Imtiaz,Kolson Lasagne 370g,https://shop.imtiaz.com.pk/product/product-item-364926,Rs. 316.00,Noodles & Pasta,https://shop.imtiaz.com.pk/_next/image?url=https%3A%2F%2Fimtiaz-i.s3.ap-southeast-1.amazonaws.com%2F55126%2Fgallery%2FEDG190000471.jpg&w=3840&q=90
111,Imtiaz,Bake Parlor Lasagne 400g,https://shop.imtiaz.com.pk/product/product-item-364928,Rs. 299.00,Noodles & Pasta,https://shop.imtiaz.com.pk/_next/image?url=https%3A%2F%2Fimtiaz-i.s3.ap-southeast-1.amazonaws.com%2F55126%2Fgallery%2FEDG190000500.jpg&w=3840&q=90
112,Imtiaz,Bake Parlor Macaroni Spirals 400g,https://shop.imtiaz.com.pk/product/product-item-364929,Rs. 169.00,Noodles & Pasta,https://shop.imtiaz.com.pk/_next/image?url=https%3A%2F%2Fimtiaz-i.s3.ap-southeast-1.amazonaws.com%2F55126%2Fgallery%2FEDG190000497.jpg&w=3840&q=90
113,Imtiaz,Kolson Pasta Roasted 300g,https://shop.imtiaz.com.pk/product/product-item-364931,Rs. 79.00,Noodles & Pasta,https://shop.imtiaz.com.pk/_next/image?url=https%3A%2F%2Fimtiaz-i.s3.ap-southeast-1.amazonaws.com%2F55126%2Fgallery%2FEDG190000480.jpg&w=3840&q=90
114,Imtiaz,Bake Parlor Pasta Roasted Cut Vermicelli 350g,https://shop.imtiaz.com.pk/product/product-item-364932,Rs. 85.00,Noodles & Pasta,https://shop.imtiaz.com.pk/_next/image?url=https%3A%2F%2Fimtiaz-i.s3.ap-southeast-1.amazonaws.com%2F55126%2Fgallery%2FEDG190000488.jpg&w=3840&q=90
115,Imtiaz,Kolson Macaroni Shell Bag (L) 400g,https://shop.imtiaz.com.pk/product/product-item-364933,Rs. 182.00,Noodles & Pasta,https://shop.imtiaz.com.pk/_next/image?url=https%3A%2F%2Fimtiaz-i.s3.ap-southeast-1.amazonaws.com%2F55126%2Fgallery%2FEDG190000849.jpg&w=3840&q=90
116,Imtiaz,Bake Parlor Macaroni Fusilli 400g,https://shop.imtiaz.com.pk/product/product-item-364934,Rs. 169.00,Noodles & Pasta,https://shop.imtiaz.com.pk/_next/image?url=https%3A%2F%2Fimtiaz-i.s3.ap-southeast-1.amazonaws.com%2F55126%2Fgallery%2FEDG190000493.jpg&w=3840&q=90
117,Imtiaz,Bake Parlor Macaroni Penne 400g,https://shop.imtiaz.com.pk/product/product-item-364935,Rs. 169.00,Noodles & Pasta,https://shop.imtiaz.com.pk/_next/image?url=https%3A%2F%2Fimtiaz-i.s3.ap-southeast-1.amazonaws.com%2F55126%2Fgallery%2FEDG190000492.jpg&w=3840&q=90
118,Imtiaz,Bake Parlor Macaroni Shell 400g,https://shop.imtiaz.com.pk/product/product-item-364936,Rs. 169.00,Noodles & Pasta,https://shop.imtiaz.com.pk/_next/image?url=https%3A%2F%2Fimtiaz-i.s3.ap-southeast-1.amazonaws.com%2F55126%2Fgallery%2FEDG190000496.jpg&w=3840&q=90
119,Imtiaz,Kolson Macaroni Elbow Twisted Bag (M) 400g,https://shop.imtiaz.com.pk/product/product-item-364937,Rs. 182.00,Noodles & Pasta,https://shop.imtiaz.com.pk/_next/image?url=https%3A%2F%2Fimtiaz-i.s3.ap-southeast-1.amazonaws.com%2F55126%2Fgallery%2FEDG190000847.jpg&w=3840&q=90
120,Imtiaz,Kolson Macaroni Penne Bag 400g,https://shop.imtiaz.com.pk/product/product-item-364938,Rs. 182.00,Noodles & Pasta,https://shop.imtiaz.com.pk/_next/image?url=https%3A%2F%2Fimtiaz-i.s3.ap-southeast-1.amazonaws.com%2F55126%2Fgallery%2FEDG190000850.jpg&w=3840&q=90
121,Imtiaz,Bake Parlor Macaroni Tikka 250g,https://shop.imtiaz.com.pk/product/product-item-364939,Rs. 125.00,Noodles & Pasta,https://shop.imtiaz.com.pk/_next/image?url=https%3A%2F%2Fimtiaz-i.s3.ap-southeast-1.amazonaws.com%2F55126%2Fgallery%2FEDG190000748.jpg&w=3840&q=90
122,Imtiaz,Kolson Macaroni Elbow Bag (L) 400g,https://shop.imtiaz.com.pk/product/product-item-364940,Rs. 182.00,Noodles & Pasta,https://shop.imtiaz.com.pk/_next/image?url=https%3A%2F%2Fimtiaz-i.s3.ap-southeast-1.amazonaws.com%2F55126%2Fgallery%2FEDG190000848.jpg&w=3840&q=90
123,Imtiaz,Bake Parlor Macaroni Seven Spice 250g,https://shop.imtiaz.com.pk/product/product-item-366204,Rs. 125.00,Noodles & Pasta,https://shop.imtiaz.com.pk/_next/image?url=https%3A%2F%2Fimtiaz-i.s3.ap-southeast-1.amazonaws.com%2F55126%2Fgallery%2FEDG190000769.jpg&w=3840&q=90
124,Imtiaz,Bake Parlor Macaroni Jalfrezi 250g,https://shop.imtiaz.com.pk/product/product-item-366205,Rs. 125.00,Noodles & Pasta,https://shop.imtiaz.com.pk/_next/image?url=https%3A%2F%2Fimtiaz-i.s3.ap-southeast-1.amazonaws.com%2F55126%2Fgallery%2FEDG190000895.jpg&w=3840&q=90
125,Imtiaz,Kolson Macaroni Green Tikka Box 250g,https://shop.imtiaz.com.pk/product/product-item-366207,Rs. 122.00,Noodles & Pasta,https://shop.imtiaz.com.pk/_next/image?url=https%3A%2F%2Fimtiaz-i.s3.ap-southeast-1.amazonaws.com%2F55126%2Fgallery%2FEDG190001013.jpg&w=3840&q=90
126,Imtiaz,Bake Parlor Macaroni Bihari Tikka 250g,https://shop.imtiaz.com.pk/product/product-item-366208,Rs. 125.00,Noodles & Pasta,https://shop.imtiaz.com.pk/_next/image?url=https%3A%2F%2Fimtiaz-i.s3.ap-southeast-1.amazonaws.com%2F55126%2Fgallery%2FEDG190001458.jpg&w=3840&q=90
127,Imtiaz,Bake Parlor Macaroni Malai Tikka 250g,https://shop.imtiaz.com.pk/product/product-item-366209,Rs. 125.00,Noodles & Pasta,https://shop.imtiaz.com.pk/_next/image?url=https%3A%2F%2Fimtiaz-i.s3.ap-southeast-1.amazonaws.com%2F55126%2Fgallery%2FEDG190001459.jpg&w=3840&q=90
128,Imtiaz,Crispo Macaroni Shell 400g,https://shop.imtiaz.com.pk/product/product-item-366211,Rs. 145.00,Noodles & Pasta,https://shop.imtiaz.com.pk/_next/image?url=https%3A%2F%2Fimtiaz-i.s3.ap-southeast-1.amazonaws.com%2F55126%2Fgallery%2FEDG190000745.jpg&w=3840&q=90
129,Imtiaz,Crispo Macaroni Elbow 400g,https://shop.imtiaz.com.pk/product/product-item-366212,Rs. 145.00,Noodles & Pasta,https://shop.imtiaz.com.pk/_next/image?url=https%3A%2F%2Fimtiaz-i.s3.ap-southeast-1.amazonaws.com%2F55126%2Fgallery%2FEDG190001783.jpg&w=3840&q=90
130,Imtiaz,Kolson Macaroni Spirals Bag 400g,https://shop.imtiaz.com.pk/product/product-item-366213,Rs. 182.00,Noodles & Pasta,https://shop.imtiaz.com.pk/_next/image?url=https%3A%2F%2Fimtiaz-i.s3.ap-southeast-1.amazonaws.com%2F55126%2Fgallery%2FEDG190000851.jpg&w=3840&q=90
131,Imtiaz,Bake Parlor Macaroni Bar B Que 250g,https://shop.imtiaz.com.pk/product/product-item-366215,Rs. 125.00,Noodles & Pasta,https://shop.imtiaz.com.pk/_next/image?url=https%3A%2F%2Fimtiaz-i.s3.ap-southeast-1.amazonaws.com%2F55126%2Fgallery%2FEDG190000750.jpg&w=3840&q=90
132,Imtiaz,Bake Parlor Macaroni Achari 250g,https://shop.imtiaz.com.pk/product/product-item-368764,Rs. 125.00,Noodles & Pasta,https://shop.imtiaz.com.pk/_next/image?url=https%3A%2F%2Fimtiaz-i.s3.ap-southeast-1.amazonaws.com%2F55126%2Fgallery%2FEDG190000893.jpg&w=3840&q=90
133,Imtiaz,Bake Parlor Macaroni Shashlik 250g,https://shop.imtiaz.com.pk/product/product-item-368765,Rs. 125.00,Noodles & Pasta,https://shop.imtiaz.com.pk/_next/image?url=https%3A%2F%2Fimtiaz-i.s3.ap-southeast-1.amazonaws.com%2F55126%2Fgallery%2FEDG190000894.jpg&w=3840&q=90
134,Imtiaz,Bake Parlor Macaroni Qeema 250g,https://shop.imtiaz.com.pk/product/product-item-368766,Rs. 125.00,Noodles & Pasta,https://shop.imtiaz.com.pk/_next/image?url=https%3A%2F%2Fimtiaz-i.s3.ap-southeast-1.amazonaws.com%2F55126%2Fgallery%2FEDG190001460.jpg&w=3840&q=90
135,Imtiaz,Crispo Macaroni Riggi 400g,https://shop.imtiaz.com.pk/product/product-item-368769,Rs. 145.00,Noodles & Pasta,https://shop.imtiaz.com.pk/_next/image?url=https%3A%2F%2Fimtiaz-i.s3.ap-southeast-1.amazonaws.com%2F55126%2Fgallery%2FEDG190000511.jpg&w=3840&q=90
136,Imtiaz,Bake Parlor Macaroni Elbow Box 400g,https://shop.imtiaz.com.pk/product/product-item-364924,Rs. 169.00,Noodles & Pasta,https://shop.imtiaz.com.pk/_next/image?url=https%3A%2F%2Fimtiaz-i.s3.ap-southeast-1.amazonaws.com%2F55126%2Fdish_image%2F1677655280.jpg&w=3840&q=90
137,Imtiaz,Crispo Macaroni Curl 400g,https://shop.imtiaz.com.pk/product/product-item-364930,Rs. 145.00,Noodles & Pasta,https://shop.imtiaz.com.pk/_next/image?url=https%3A%2F%2Fimtiaz-i.s3.ap-southeast-1.amazonaws.com%2F55126%2Fdish_image%2F1709210632.jpg&w=3840&q=90
138,Imtiaz,Ponam Chilli Crushed 200g,https://shop.imtiaz.com.pk/product/product-item-363364,Rs. 169.00,"Salt, Spices & Herbs",https://shop.imtiaz.com.pk/_next/image?url=https%3A%2F%2Fimtiaz-i.s3.ap-southeast-1.amazonaws.com%2F55126%2Fgallery%2FCFG150000053.jpg&w=3840&q=90
139,Imtiaz,Ponam Garam Masala Powder 100g,https://shop.imtiaz.com.pk/product/product-item-363365,Rs. 295.00,"Salt, Spices & Herbs",https://shop.imtiaz.com.pk/_next/image?url=https%3A%2F%2Fimtiaz-i.s3.ap-southeast-1.amazonaws.com%2F55126%2Fgallery%2FCFG150000097.jpg&w=3840&q=90
140,Imtiaz,Ponam Black Peper Powder 100g,https://shop.imtiaz.com.pk/product/product-item-363366,Rs. 299.00,"Salt, Spices & Herbs",https://shop.imtiaz.com.pk/_next/image?url=https%3A%2F%2Fimtiaz-i.s3.ap-southeast-1.amazonaws.com%2F55126%2Fgallery%2FCFG150000023.jpg&w=3840&q=90
141,Imtiaz,Ponam Haldi Powder 200g,https://shop.imtiaz.com.pk/product/product-item-363367,Rs. 195.00,"Salt, Spices & Herbs",https://shop.imtiaz.com.pk/_next/image?url=https%3A%2F%2Fimtiaz-i.s3.ap-southeast-1.amazonaws.com%2F55126%2Fgallery%2FCFG150000109.jpg&w=3840&q=90
142,Imtiaz,Ponam Dhania Powder 100g,https://shop.imtiaz.com.pk/product/product-item-363368,Rs. 70.00,"Salt, Spices & Herbs",https://shop.imtiaz.com.pk/_next/image?url=https%3A%2F%2Fimtiaz-i.s3.ap-southeast-1.amazonaws.com%2F55126%2Fgallery%2FCFG150000086.jpg&w=3840&q=90
143,Imtiaz,Ponam Chilli Crushed 100g,https://shop.imtiaz.com.pk/product/product-item-363369,Rs. 89.00,"Salt, Spices & Herbs",https://shop.imtiaz.com.pk/_next/image?url=https%3A%2F%2Fimtiaz-i.s3.ap-southeast-1.amazonaws.com%2F55126%2Fgallery%2FCFG150000052.jpg&w=3840&q=90
144,Imtiaz,Ponam Lal Mirch Powder 200g,https://shop.imtiaz.com.pk/product/product-item-363370,Rs. 169.00,"Salt, Spices & Herbs",https://shop.imtiaz.com.pk/_next/image?url=https%3A%2F%2Fimtiaz-i.s3.ap-southeast-1.amazonaws.com%2F55126%2Fgallery%2FCFG150000144.jpg&w=3840&q=90
145,Imtiaz,Ponam Lal Mirch Powder 100g,https://shop.imtiaz.com.pk/product/product-item-363371,Rs. 89.00,"Salt, Spices & Herbs",https://shop.imtiaz.com.pk/_next/image?url=https%3A%2F%2Fimtiaz-i.s3.ap-southeast-1.amazonaws.com%2F55126%2Fgallery%2FCFG150000143.jpg&w=3840&q=90
146,Imtiaz,Ponam Haldi Powder 100g,https://shop.imtiaz.com.pk/product/product-item-363372,Rs. 99.00,"Salt, Spices & Herbs",https://shop.imtiaz.com.pk/_next/image?url=https%3A%2F%2Fimtiaz-i.s3.ap-southeast-1.amazonaws.com%2F55126%2Fgallery%2FCFG150000108.jpg&w=3840&q=90
147,Imtiaz,Ponam Dhania Powder 400g,https://shop.imtiaz.com.pk/product/product-item-364802,Rs. 265.00,"Salt, Spices & Herbs",https://shop.imtiaz.com.pk/_next/image?url=https%3A%2F%2Fimtiaz-i.s3.ap-southeast-1.amazonaws.com%2F55126%2Fgallery%2FCFG150000088.jpg&w=3840&q=90
148,Imtiaz,Ponam Chilli Crushed 500g,https://shop.imtiaz.com.pk/product/product-item-364803,Rs. 399.00,"Salt, Spices & Herbs",https://shop.imtiaz.com.pk/_next/image?url=https%3A%2F%2Fimtiaz-i.s3.ap-southeast-1.amazonaws.com%2F55126%2Fgallery%2FCFG150000054.jpg&w=3840&q=90
149,Imtiaz,Ponam Haldi Powder 400g,https://shop.imtiaz.com.pk/product/product-item-364804,Rs. 379.00,"Salt, Spices & Herbs",https://shop.imtiaz.com.pk/_next/image?url=https%3A%2F%2Fimtiaz-i.s3.ap-southeast-1.amazonaws.com%2F55126%2Fgallery%2FCFG150000110.jpg&w=3840&q=90
150,Imtiaz,Ponam White Pepper Powder 50g,https://shop.imtiaz.com.pk/product/product-item-364805,Rs. 189.00,"Salt, Spices & Herbs",https://shop.imtiaz.com.pk/_next/image?url=https%3A%2F%2Fimtiaz-i.s3.ap-southeast-1.amazonaws.com%2F55126%2Fgallery%2FCFG150000215.jpg&w=3840&q=90
151,Imtiaz,Ponam Fried Onion 500g,https://shop.imtiaz.com.pk/product/product-item-364806,Rs. 249.00,"Salt, Spices & Herbs",https://shop.imtiaz.com.pk/_next/image?url=https%3A%2F%2Fimtiaz-i.s3.ap-southeast-1.amazonaws.com%2F55126%2Fgallery%2FCFG150000094.jpg&w=3840&q=90
152,Imtiaz,Ponam Black Peper Powder 50g,https://shop.imtiaz.com.pk/product/product-item-364807,Rs. 155.00,"Salt, Spices & Herbs",https://shop.imtiaz.com.pk/_next/image?url=https%3A%2F%2Fimtiaz-i.s3.ap-southeast-1.amazonaws.com%2F55126%2Fgallery%2FCFG150000024.jpg&w=3840&q=90
153,Imtiaz,Ponam Chat Masala 200g,https://shop.imtiaz.com.pk/product/product-item-364808,Rs. 199.00,"Salt, Spices & Herbs",https://shop.imtiaz.com.pk/_next/image?url=https%3A%2F%2Fimtiaz-i.s3.ap-southeast-1.amazonaws.com%2F55126%2Fgallery%2FCFG150000051.jpg&w=3840&q=90
154,Imtiaz,Zeera White Powder 100g,https://shop.imtiaz.com.pk/product/product-item-364809,Rs. 169.00,"Salt, Spices & Herbs",https://shop.imtiaz.com.pk/_next/image?url=https%3A%2F%2Fimtiaz-i.s3.ap-southeast-1.amazonaws.com%2F55126%2Fgallery%2FCFG150000220.jpg&w=3840&q=90
155,Imtiaz,Dhania Powder 200g,https://shop.imtiaz.com.pk/product/product-item-364811,Rs. 135.00,"Salt, Spices & Herbs",https://shop.imtiaz.com.pk/_next/image?url=https%3A%2F%2Fimtiaz-i.s3.ap-southeast-1.amazonaws.com%2F55126%2Fgallery%2FCFG150000087.jpg&w=3840&q=90
156,Imtiaz,Ponam Garlic Powder 100g,https://shop.imtiaz.com.pk/product/product-item-366110,Rs. 125.00,"Salt, Spices & Herbs",https://shop.imtiaz.com.pk/_next/image?url=https%3A%2F%2Fimtiaz-i.s3.ap-southeast-1.amazonaws.com%2F55126%2Fgallery%2FCFG150000101.jpg&w=3840&q=90
157,Imtiaz,Ponam Khatai Powder 100g,https://shop.imtiaz.com.pk/product/product-item-366111,Rs. 69.00,"Salt, Spices & Herbs",https://shop.imtiaz.com.pk/_next/image?url=https%3A%2F%2Fimtiaz-i.s3.ap-southeast-1.amazonaws.com%2F55126%2Fgallery%2FCFG150000138.jpg&w=3840&q=90
158,Imtiaz,Ponam Garam Masala Powder 50g,https://shop.imtiaz.com.pk/product/product-item-366112,Rs. 149.00,"Salt, Spices & Herbs",https://shop.imtiaz.com.pk/_next/image?url=https%3A%2F%2Fimtiaz-i.s3.ap-southeast-1.amazonaws.com%2F55126%2Fgallery%2FCFG150000098.jpg&w=3840&q=90
159,Imtiaz,Zeera White Powder 50g,https://shop.imtiaz.com.pk/product/product-item-366113,Rs. 99.00,"Salt, Spices & Herbs",https://shop.imtiaz.com.pk/_next/image?url=https%3A%2F%2Fimtiaz-i.s3.ap-southeast-1.amazonaws.com%2F55126%2Fgallery%2FCFG150000221.jpg&w=3840&q=90
160,Imtiaz,Ponam Ginger Dried (Soonth) Powder 50g,https://shop.imtiaz.com.pk/product/product-item-366114,Rs. 119.00,"Salt, Spices & Herbs",https://shop.imtiaz.com.pk/_next/image?url=https%3A%2F%2Fimtiaz-i.s3.ap-southeast-1.amazonaws.com%2F55126%2Fgallery%2FCFG150000103.jpg&w=3840&q=90
161,Imtiaz,Ponam Mustard Seeds (Rai Dana) Powder 100g,https://shop.imtiaz.com.pk/product/product-item-368589,Rs. 89.00,"Salt, Spices & Herbs",https://shop.imtiaz.com.pk/_next/image?url=https%3A%2F%2Fimtiaz-i.s3.ap-southeast-1.amazonaws.com%2F55126%2Fgallery%2FCFG150000158.jpg&w=3840&q=90
162,Imtiaz,Polac Condensed Milk 390g,https://shop.imtiaz.com.pk/product/product-item-366900,Rs. 299.00,Milk,https://shop.imtiaz.com.pk/_next/image?url=https%3A%2F%2Fimtiaz-i.s3.ap-southeast-1.amazonaws.com%2F55126%2Fdish_image%2F1738578948.jpg&w=3840&q=90
163,Imtiaz,Polac Condensed Milk Tin 1000g,https://shop.imtiaz.com.pk/product/product-item-370578,Rs. 709.00,Milk,https://shop.imtiaz.com.pk/_next/image?url=https%3A%2F%2Fimtiaz-i.s3.ap-southeast-1.amazonaws.com%2F55126%2Fdish_image%2F1738578977.jpg&w=3840&q=90
164,Imtiaz,Comelle Condensed Milk 72g,https://shop.imtiaz.com.pk/product/product-item-365196,Rs. 79.00,Milk,https://shop.imtiaz.com.pk/_next/image?url=https%3A%2F%2Fimtiaz-i.s3.ap-southeast-1.amazonaws.com%2F55126%2Fdish_image%2F1738579012.jpg&w=3840&q=90
165,Imtiaz,Comelle Condensed Milk 1000g,https://shop.imtiaz.com.pk/product/product-item-368857,Rs. 849.00,Milk,https://shop.imtiaz.com.pk/_next/image?url=https%3A%2F%2Fimtiaz-i.s3.ap-southeast-1.amazonaws.com%2F55126%2Fdish_image%2F1738579045.jpg&w=3840&q=90
166,Imtiaz,Comelle Condensed Milk 397g,https://shop.imtiaz.com.pk/product/product-item-365195,Rs. 379.00,Milk,https://shop.imtiaz.com.pk/_next/image?url=https%3A%2F%2Fimtiaz-i.s3.ap-southeast-1.amazonaws.com%2F55126%2Fdish_image%2F1738579089.jpg&w=3840&q=90
167,Imtiaz,Dayfresh Flavoured Milk Chocolate Salted Caramel 225ml,https://shop.imtiaz.com.pk/product/product-item-365209,Rs. 145.00,Flavoured Milk,https://shop.imtiaz.com.pk/_next/image?url=https%3A%2F%2Fimtiaz-i.s3.ap-southeast-1.amazonaws.com%2F55126%2Fgallery%2FBEV110000920.jpg&w=3840&q=90
168,Imtiaz,Dayfresh Flavoured Milk Belgian Chocolate 225ml,https://shop.imtiaz.com.pk/product/product-item-365211,Rs. 145.00,Flavoured Milk,https://shop.imtiaz.com.pk/_next/image?url=https%3A%2F%2Fimtiaz-i.s3.ap-southeast-1.amazonaws.com%2F55126%2Fgallery%2FBEV110000921.jpg&w=3840&q=90
169,Imtiaz,Pakola Milk Ice Cream 250ml,https://shop.imtiaz.com.pk/product/product-item-365212,Rs. 88.00,Flavoured Milk,https://shop.imtiaz.com.pk/_next/image?url=https%3A%2F%2Fimtiaz-i.s3.ap-southeast-1.amazonaws.com%2F55126%2Fgallery%2FBEV110000878.jpg&w=3840&q=90
170,Imtiaz,Dayfresh Flavour Milk Banana 225ml,https://shop.imtiaz.com.pk/product/product-item-365213,Rs. 89.00,Flavoured Milk,https://shop.imtiaz.com.pk/_next/image?url=https%3A%2F%2Fimtiaz-i.s3.ap-southeast-1.amazonaws.com%2F55126%2Fgallery%2FBEV110000906.jpg&w=3840&q=90
171,Imtiaz,Pakola Milk Chocolate 250ml,https://shop.imtiaz.com.pk/product/product-item-365218,Rs. 88.00,Flavoured Milk,https://shop.imtiaz.com.pk/_next/image?url=https%3A%2F%2Fimtiaz-i.s3.ap-southeast-1.amazonaws.com%2F55126%2Fgallery%2FBEV110000886.jpg&w=3840&q=90
172,Imtiaz,Pakola Flavour Milk Zafran 125ml,https://shop.imtiaz.com.pk/product/product-item-366906,Rs. 45.00,Flavoured Milk,https://shop.imtiaz.com.pk/_next/image?url=https%3A%2F%2Fimtiaz-i.s3.ap-southeast-1.amazonaws.com%2F55126%2Fgallery%2FBEV110000905.jpg&w=3840&q=90
173,Imtiaz,Pakola Flavour Milk Mango 125ml,https://shop.imtiaz.com.pk/product/product-item-370583,Rs. 45.00,Flavoured Milk,https://shop.imtiaz.com.pk/_next/image?url=https%3A%2F%2Fimtiaz-i.s3.ap-southeast-1.amazonaws.com%2F55126%2Fgallery%2FBEV110000902.jpg&w=3840&q=90
174,Imtiaz,Pakola Flavour Milk Ice Cream 125ml,https://shop.imtiaz.com.pk/product/product-item-370584,Rs. 45.00,Flavoured Milk,https://shop.imtiaz.com.pk/_next/image?url=https%3A%2F%2Fimtiaz-i.s3.ap-southeast-1.amazonaws.com%2F55126%2Fgallery%2FBEV110000903.jpg&w=3840&q=90
175,Imtiaz,Pakola Milk Mango 200ml,https://shop.imtiaz.com.pk/product/product-item-366907,Rs. 69.00,Flavoured Milk,https://shop.imtiaz.com.pk/_next/image?url=https%3A%2F%2Fimtiaz-i.s3.ap-southeast-1.amazonaws.com%2F55126%2Fgallery%2FBEV110000879.jpg&w=3840&q=90
176,Imtiaz,Pakola Milk Kulfa 200ml,https://shop.imtiaz.com.pk/product/product-item-365205,Rs. 69.00,Flavoured Milk,https://shop.imtiaz.com.pk/_next/image?url=https%3A%2F%2Fimtiaz-i.s3.ap-southeast-1.amazonaws.com%2F55126%2Fgallery%2FBEV110000887.jpg&w=3840&q=90
177,Imtiaz,Nescafe Coffee Chilled Latte 220ml,https://shop.imtiaz.com.pk/product/product-item-366892,Rs. 159.00,Chilled Coffee,https://shop.imtiaz.com.pk/_next/image?url=https%3A%2F%2Fimtiaz-i.s3.ap-southeast-1.amazonaws.com%2F55126%2Fgallery%2FBEV110000932.jpg&w=3840&q=90
178,Imtiaz,Adam's Butter Salted 200g,https://shop.imtiaz.com.pk/product/product-item-365187,Rs. 665.00,Butter & Margarine,https://shop.imtiaz.com.pk/_next/image?url=https%3A%2F%2Fimtiaz-i.s3.ap-southeast-1.amazonaws.com%2F55126%2Fgallery%2FDAI180000126.jpg&w=3840&q=90
179,Imtiaz,Nurpur Butter Unsalted 200g,https://shop.imtiaz.com.pk/product/product-item-365188,Rs. 749.00,Butter & Margarine,https://shop.imtiaz.com.pk/_next/image?url=https%3A%2F%2Fimtiaz-i.s3.ap-southeast-1.amazonaws.com%2F55126%2Fgallery%2FDAI180000285.jpg&w=3840&q=90
180,Imtiaz,Blue Band Margarine 235g,https://shop.imtiaz.com.pk/product/product-item-365193,Rs. 519.00,Butter & Margarine,https://shop.imtiaz.com.pk/_next/image?url=https%3A%2F%2Fimtiaz-i.s3.ap-southeast-1.amazonaws.com%2F55126%2Fgallery%2FDAI180000045.jpg&w=3840&q=90
181,Imtiaz,Lurpak Butter Salted 200g,https://shop.imtiaz.com.pk/product/product-item-366894,"Rs. 1,269.00",Butter & Margarine,https://shop.imtiaz.com.pk/_next/image?url=https%3A%2F%2Fimtiaz-i.s3.ap-southeast-1.amazonaws.com%2F55126%2Fgallery%2FDAI180000063.jpg&w=3840&q=90
182,Imtiaz,Lurpak Butter Unsalted 200g,https://shop.imtiaz.com.pk/product/product-item-366895,"Rs. 1,269.00",Butter & Margarine,https://shop.imtiaz.com.pk/_next/image?url=https%3A%2F%2Fimtiaz-i.s3.ap-southeast-1.amazonaws.com%2F55126%2Fgallery%2FDAI180000062.jpg&w=3840&q=90
183,Imtiaz,Millac Butter White Unsalted 200g,https://shop.imtiaz.com.pk/product/product-item-366896,Rs. 575.00,Butter & Margarine,https://shop.imtiaz.com.pk/_next/image?url=https%3A%2F%2Fimtiaz-i.s3.ap-southeast-1.amazonaws.com%2F55126%2Fgallery%2FDAI180000175.jpg&w=3840&q=90
184,Imtiaz,Milk Pak Butter Salted 200g,https://shop.imtiaz.com.pk/product/product-item-366897,Rs. 689.00,Butter & Margarine,https://shop.imtiaz.com.pk/_next/image?url=https%3A%2F%2Fimtiaz-i.s3.ap-southeast-1.amazonaws.com%2F55126%2Fgallery%2FDAI180000267.jpg&w=3840&q=90
185,Imtiaz,Milk Pak Butter Unsalted 200g,https://shop.imtiaz.com.pk/product/product-item-366898,Rs. 689.00,Butter & Margarine,https://shop.imtiaz.com.pk/_next/image?url=https%3A%2F%2Fimtiaz-i.s3.ap-southeast-1.amazonaws.com%2F55126%2Fgallery%2FDAI180000289.jpg&w=3840&q=90
186,Imtiaz,Maska Breakfast Spread 100g,https://shop.imtiaz.com.pk/product/product-item-368841,Rs. 149.00,Butter & Margarine,https://shop.imtiaz.com.pk/_next/image?url=https%3A%2F%2Fimtiaz-i.s3.ap-southeast-1.amazonaws.com%2F55126%2Fgallery%2FEDG190001482.jpg&w=3840&q=90
187,Imtiaz,Maska Breakfast Spread 200g,https://shop.imtiaz.com.pk/product/product-item-368842,Rs. 259.00,Butter & Margarine,https://shop.imtiaz.com.pk/_next/image?url=https%3A%2F%2Fimtiaz-i.s3.ap-southeast-1.amazonaws.com%2F55126%2Fgallery%2FEDG190001483.jpg&w=3840&q=90
188,Imtiaz,Maska Breakfast Spread 400g,https://shop.imtiaz.com.pk/product/product-item-368847,Rs. 479.00,Butter & Margarine,https://shop.imtiaz.com.pk/_next/image?url=https%3A%2F%2Fimtiaz-i.s3.ap-southeast-1.amazonaws.com%2F55126%2Fgallery%2FEDG190001484.jpg&w=3840&q=90
189,Imtiaz,MeadowLea Margarine Original Tub 500g,https://shop.imtiaz.com.pk/product/product-item-368849,"Rs. 1,338.00",Butter & Margarine,https://shop.imtiaz.com.pk/_next/image?url=https%3A%2F%2Fimtiaz-i.s3.ap-southeast-1.amazonaws.com%2F55126%2Fgallery%2FDAI180000066.jpg&w=3840&q=90
190,Imtiaz,Lurpak Butter Salted 10x10g,https://shop.imtiaz.com.pk/product/product-item-368854,Rs. 719.00,Butter & Margarine,https://shop.imtiaz.com.pk/_next/image?url=https%3A%2F%2Fimtiaz-i.s3.ap-southeast-1.amazonaws.com%2F55126%2Fgallery%2FDAI180000061.jpg&w=3840&q=90
191,Imtiaz,Adam's Butter Salted 100g,https://shop.imtiaz.com.pk/product/product-item-368855,Rs. 355.00,Butter & Margarine,https://shop.imtiaz.com.pk/_next/image?url=https%3A%2F%2Fimtiaz-i.s3.ap-southeast-1.amazonaws.com%2F55126%2Fgallery%2FDAI180000257.jpg&w=3840&q=90
192,Imtiaz,Blue Band Margarine 50g,https://shop.imtiaz.com.pk/product/product-item-374887,Rs. 95.00,Butter & Margarine,https://shop.imtiaz.com.pk/_next/image?url=https%3A%2F%2Fimtiaz-i.s3.ap-southeast-1.amazonaws.com%2F55126%2Fgallery%2FDAI180000291.jpg&w=3840&q=90
193,Imtiaz,Shield Nipple Evenflo Extra Soft 2's,https://shop.imtiaz.com.pk/product/product-item-367828,Rs. 86.00,Baby Feeding Accessories,https://shop.imtiaz.com.pk/_next/image?url=https%3A%2F%2Fimtiaz-i.s3.ap-southeast-1.amazonaws.com%2F55126%2Fgallery%2FBBW230000120.jpg&w=3840&q=90
194,Imtiaz,Mechico Silicone Nipple 2's,https://shop.imtiaz.com.pk/product/product-item-369071,Rs. 65.00,Baby Feeding Accessories,https://shop.imtiaz.com.pk/_next/image?url=https%3A%2F%2Fimtiaz-i.s3.ap-southeast-1.amazonaws.com%2F55126%2Fgallery%2FBBW230000251.jpg&w=3840&q=90
195,Imtiaz,Pigeon Juice Feeder D-331,https://shop.imtiaz.com.pk/product/product-item-369074,"Rs. 1,025.00",Baby Feeding Accessories,https://shop.imtiaz.com.pk/_next/image?url=https%3A%2F%2Fimtiaz-i.s3.ap-southeast-1.amazonaws.com%2F55126%2Fgallery%2FBBW230000078.jpg&w=3840&q=90
196,Imtiaz,Pigeon Feeding Bottles A-483 120ml,https://shop.imtiaz.com.pk/product/product-item-369080,"Rs. 1,289.00",Baby Feeding Accessories,https://shop.imtiaz.com.pk/_next/image?url=https%3A%2F%2Fimtiaz-i.s3.ap-southeast-1.amazonaws.com%2F55126%2Fgallery%2FBBW230000402.jpg&w=3840&q=90
197,Imtiaz,Pigeon Feeding Bottles A-424 240ml,https://shop.imtiaz.com.pk/product/product-item-369082,"Rs. 2,359.00",Baby Feeding Accessories,https://shop.imtiaz.com.pk/_next/image?url=https%3A%2F%2Fimtiaz-i.s3.ap-southeast-1.amazonaws.com%2F55126%2Fgallery%2FBBW230000519.jpg&w=3840&q=90
198,Imtiaz,Pigeon Feeding Bottles A482 240ml,https://shop.imtiaz.com.pk/product/product-item-369083,"Rs. 3,099.00",Baby Feeding Accessories,https://shop.imtiaz.com.pk/_next/image?url=https%3A%2F%2Fimtiaz-i.s3.ap-southeast-1.amazonaws.com%2F55126%2Fgallery%2FBBW230000593.jpg&w=3840&q=90
199,Imtiaz,Pigeon Silicone Nipple Standard-Neck B-212 L,https://shop.imtiaz.com.pk/product/product-item-369086,Rs. 915.00,Baby Feeding Accessories,https://shop.imtiaz.com.pk/_next/image?url=https%3A%2F%2Fimtiaz-i.s3.ap-southeast-1.amazonaws.com%2F55126%2Fgallery%2FBBW230000109.jpg&w=3840&q=90
200,Imtiaz,Pigeon Peristalic Nipple B-700 S (B.A),https://shop.imtiaz.com.pk/product/product-item-369090,Rs. 229.00,Baby Feeding Accessories,https://shop.imtiaz.com.pk/_next/image?url=https%3A%2F%2Fimtiaz-i.s3.ap-southeast-1.amazonaws.com%2F55126%2Fgallery%2FBBW230000685.jpg&w=3840&q=90
201,Imtiaz,Pigeon Feeder PP Soft Touch 6+ Months 330ml,https://shop.imtiaz.com.pk/product/product-item-370665,"Rs. 2,799.00",Baby Feeding Accessories,https://shop.imtiaz.com.pk/_next/image?url=https%3A%2F%2Fimtiaz-i.s3.ap-southeast-1.amazonaws.com%2F55126%2Fgallery%2FBBW230001537.jpg&w=3840&q=90
202,Imtiaz,Pigeon Feeder PP Round Nursing 50ml A26282,https://shop.imtiaz.com.pk/product/product-item-370666,"Rs. 1,369.00",Baby Feeding Accessories,https://shop.imtiaz.com.pk/_next/image?url=https%3A%2F%2Fimtiaz-i.s3.ap-southeast-1.amazonaws.com%2F55126%2Fgallery%2FBBW230001547.jpg&w=3840&q=90
203,Imtiaz,Shield Silicone Nipple Evenflo Regular 2's,https://shop.imtiaz.com.pk/product/product-item-365340,Rs. 70.00,Baby Feeding Accessories,https://shop.imtiaz.com.pk/_next/image?url=https%3A%2F%2Fimtiaz-i.s3.ap-southeast-1.amazonaws.com%2F55126%2Fdish_image%2F1740480438.JPG&w=3840&q=90
204,Imtiaz,Shield Nipple Evenflo Anti-colic 2's,https://shop.imtiaz.com.pk/product/product-item-370663,Rs. 89.00,Baby Feeding Accessories,https://shop.imtiaz.com.pk/_next/image?url=https%3A%2F%2Fimtiaz-i.s3.ap-southeast-1.amazonaws.com%2F55126%2Fdish_image%2F1742888723.jpeg&w=3840&q=90
205,Imtiaz,SEN Nappy Rash Cream 150ml,https://shop.imtiaz.com.pk/product/product-item-369126,Rs. 724.00,Skin Care,https://shop.imtiaz.com.pk/_next/image?url=https%3A%2F%2Fimtiaz-i.s3.ap-southeast-1.amazonaws.com%2F55126%2Fgallery%2FBBW230000374.jpg&w=3840&q=90
206,Imtiaz,Nero Kids Tooth Brush Spiderman + 3 Years,https://shop.imtiaz.com.pk/product/product-item-370646,Rs. 269.00,Hygiene,https://shop.imtiaz.com.pk/_next/image?url=https%3A%2F%2Fimtiaz-i.s3.ap-southeast-1.amazonaws.com%2F55126%2Fgallery%2FBBW230001810.jpg&w=3840&q=90
207,Imtiaz,Bona Papa Plus Diaper Eco (M) 50's,https://shop.imtiaz.com.pk/product/product-item-365334,"Rs. 1,189.00",Diapers & Pants,https://shop.imtiaz.com.pk/_next/image?url=https%3A%2F%2Fimtiaz-i.s3.ap-southeast-1.amazonaws.com%2F55126%2Fgallery%2FBBW230001661.jpg&w=3840&q=90
208,Imtiaz,Bona Papa Plus Diaper Eco (S) 50's,https://shop.imtiaz.com.pk/product/product-item-368976,Rs. 995.00,Diapers & Pants,https://shop.imtiaz.com.pk/_next/image?url=https%3A%2F%2Fimtiaz-i.s3.ap-southeast-1.amazonaws.com%2F55126%2Fgallery%2FBBW230001660.jpg&w=3840&q=90
209,Imtiaz,Cerelac Cereal 3 Fruits 350g,https://shop.imtiaz.com.pk/product/product-item-365347,Rs. 845.00,Baby Food,https://shop.imtiaz.com.pk/_next/image?url=https%3A%2F%2Fimtiaz-i.s3.ap-southeast-1.amazonaws.com%2F55126%2Fgallery%2FEDG190000403.jpg&w=3840&q=90
210,Imtiaz,Prep Up Cereal Rice 175g,https://shop.imtiaz.com.pk/product/product-item-369107,Rs. 385.00,Baby Food,https://shop.imtiaz.com.pk/_next/image?url=https%3A%2F%2Fimtiaz-i.s3.ap-southeast-1.amazonaws.com%2F55126%2Fgallery%2FEDG190001542.jpg&w=3840&q=90
211,Imtiaz,Prep Up Cereal Wheat&Milk 175g,https://shop.imtiaz.com.pk/product/product-item-369109,Rs. 385.00,Baby Food,https://shop.imtiaz.com.pk/_next/image?url=https%3A%2F%2Fimtiaz-i.s3.ap-southeast-1.amazonaws.com%2F55126%2Fgallery%2FEDG190001544.jpg&w=3840&q=90
212,Imtiaz,Prep Up Cereal Wheat Milk & Honey 175g,https://shop.imtiaz.com.pk/product/product-item-369110,Rs. 455.00,Baby Food,https://shop.imtiaz.com.pk/_next/image?url=https%3A%2F%2Fimtiaz-i.s3.ap-southeast-1.amazonaws.com%2F55126%2Fgallery%2FEDG190001545.jpg&w=3840&q=90
213,Imtiaz,Cerelac Cereal Wheat 350g,https://shop.imtiaz.com.pk/product/product-item-365344,Rs. 845.00,Baby Food,https://shop.imtiaz.com.pk/_next/image?url=https%3A%2F%2Fimtiaz-i.s3.ap-southeast-1.amazonaws.com%2F55126%2Fdish_image%2F1671733823.jpg&w=3840&q=90
214,Imtiaz,Prep Up Cereal Wheat Milk & Fruits 175g,https://shop.imtiaz.com.pk/product/product-item-369111,Rs. 455.00,Baby Food,https://shop.imtiaz.com.pk/_next/image?url=https%3A%2F%2Fimtiaz-i.s3.ap-southeast-1.amazonaws.com%2F55126%2Fdish_image%2F1680758092.jpg&w=3840&q=90
215,Imtiaz,Cerelac Cereal Wheat 175g,https://shop.imtiaz.com.pk/product/product-item-367848,Rs. 425.00,Baby Food,https://shop.imtiaz.com.pk/_next/image?url=https%3A%2F%2Fimtiaz-i.s3.ap-southeast-1.amazonaws.com%2F55126%2Fgallery%2FEDG190000401.jpg&w=3840&q=90
216,Imtiaz,Cerelac Cereal Yellow Fruits 175g,https://shop.imtiaz.com.pk/product/product-item-367849,Rs. 525.00,Baby Food,https://shop.imtiaz.com.pk/_next/image?url=https%3A%2F%2Fimtiaz-i.s3.ap-southeast-1.amazonaws.com%2F55126%2Fgallery%2FEDG190000459.jpg&w=3840&q=90
217,Imtiaz,Cerelac Cereal Red Fruits 175g,https://shop.imtiaz.com.pk/product/product-item-367846,Rs. 525.00,Baby Food,https://shop.imtiaz.com.pk/_next/image?url=https%3A%2F%2Fimtiaz-i.s3.ap-southeast-1.amazonaws.com%2F55126%2Fgallery%2FEDG190000460.jpg&w=3840&q=90
218,Imtiaz,Cerelac Cereal Nature's Slecetion Pomegrante 175g,https://shop.imtiaz.com.pk/product/product-item-369112,Rs. 589.00,Baby Food,https://shop.imtiaz.com.pk/_next/image?url=https%3A%2F%2Fimtiaz-i.s3.ap-southeast-1.amazonaws.com%2F55126%2Fgallery%2FEDG190001700.jpg&w=3840&q=90
219,Imtiaz,Cerelac Cereal Rice 175g,https://shop.imtiaz.com.pk/product/product-item-365345,Rs. 425.00,Baby Food,https://shop.imtiaz.com.pk/_next/image?url=https%3A%2F%2Fimtiaz-i.s3.ap-southeast-1.amazonaws.com%2F55126%2Fgallery%2FEDG190000399.jpg&w=3840&q=90
220,Imtiaz,Cerelac AppleStrawberry & Pears 175g,https://shop.imtiaz.com.pk/product/product-item-367847,Rs. 525.00,Baby Food,https://shop.imtiaz.com.pk/_next/image?url=https%3A%2F%2Fimtiaz-i.s3.ap-southeast-1.amazonaws.com%2F55126%2Fgallery%2FEDG190000400.jpg&w=3840&q=90
221,Imtiaz,Colgate Plax Mouth Wash Peppermint 250ml,https://shop.imtiaz.com.pk/product/product-item-369558,Rs. 445.00,Oral Care,https://shop.imtiaz.com.pk/_next/image?url=https%3A%2F%2Fimtiaz-i.s3.ap-southeast-1.amazonaws.com%2F55126%2Fgallery%2FHBY250004521.jpg&w=3840&q=90
222,Imtiaz,Listerine Mouth Wash Cool Mint 500ml,https://shop.imtiaz.com.pk/product/product-item-371289,"Rs. 1,199.00",Oral Care,https://shop.imtiaz.com.pk/_next/image?url=https%3A%2F%2Fimtiaz-i.s3.ap-southeast-1.amazonaws.com%2F55126%2Fgallery%2FHBY250002397.jpg&w=3840&q=90
223,Imtiaz,Listerine Mouth Wash Advanced Tartar Control 250ml,https://shop.imtiaz.com.pk/product/product-item-371293,Rs. 725.00,Oral Care,https://shop.imtiaz.com.pk/_next/image?url=https%3A%2F%2Fimtiaz-i.s3.ap-southeast-1.amazonaws.com%2F55126%2Fgallery%2FHBY250005696.jpg&w=3840&q=90
224,Imtiaz,Tyfon Bleach 1Ltr,https://shop.imtiaz.com.pk/product/product-item-366843,Rs. 325.00,Laundry,https://shop.imtiaz.com.pk/_next/image?url=https%3A%2F%2Fimtiaz-i.s3.ap-southeast-1.amazonaws.com%2F55126%2Fgallery%2FHME260000910.jpg&w=3840&q=90
225,Imtiaz,Super Bleach 500ml,https://shop.imtiaz.com.pk/product/product-item-366845,Rs. 149.00,Laundry,https://shop.imtiaz.com.pk/_next/image?url=https%3A%2F%2Fimtiaz-i.s3.ap-southeast-1.amazonaws.com%2F55126%2Fgallery%2FHME260000811.jpg&w=3840&q=90
226,Imtiaz,Tyfon Bleach 500ml,https://shop.imtiaz.com.pk/product/product-item-366846,Rs. 205.00,Laundry,https://shop.imtiaz.com.pk/_next/image?url=https%3A%2F%2Fimtiaz-i.s3.ap-southeast-1.amazonaws.com%2F55126%2Fgallery%2FHME260000861.jpg&w=3840&q=90
227,Imtiaz,Super Bleach 1Ltr,https://shop.imtiaz.com.pk/product/product-item-369701,Rs. 239.00,Laundry,https://shop.imtiaz.com.pk/_next/image?url=https%3A%2F%2Fimtiaz-i.s3.ap-southeast-1.amazonaws.com%2F55126%2Fgallery%2FHME260000711.jpg&w=3840&q=90
228,Imtiaz,Robin Bleach 1Ltr,https://shop.imtiaz.com.pk/product/product-item-371912,"Rs. 1,095.00",Laundry,https://shop.imtiaz.com.pk/_next/image?url=https%3A%2F%2Fimtiaz-i.s3.ap-southeast-1.amazonaws.com%2F55126%2Fgallery%2FHME260000299.jpg&w=3840&q=90
229,Imtiaz,Robin Bleach 450ml,https://shop.imtiaz.com.pk/product/product-item-369702,Rs. 559.00,Laundry,https://shop.imtiaz.com.pk/_next/image?url=https%3A%2F%2Fimtiaz-i.s3.ap-southeast-1.amazonaws.com%2F55126%2Fgallery%2FHME260000298.jpg&w=3840&q=90
230,Imtiaz,Super Clean Naphthalene Balls Large,https://shop.imtiaz.com.pk/product/product-item-369648,Rs. 456.00,Cleaning,https://shop.imtiaz.com.pk/_next/image?url=https%3A%2F%2Fimtiaz-i.s3.ap-southeast-1.amazonaws.com%2F55126%2Fdish_image%2F1677915909.jpg&w=3840&q=90
231,Imtiaz,Roomi Naphthalene Balls Colored,https://shop.imtiaz.com.pk/product/product-item-366802,Rs. 215.00,Cleaning,https://shop.imtiaz.com.pk/_next/image?url=https%3A%2F%2Fimtiaz-i.s3.ap-southeast-1.amazonaws.com%2F55126%2Fgallery%2FHME260000545.jpg&w=3840&q=90
232,Imtiaz,Jazee Butter Paper 12x14 24's,https://shop.imtiaz.com.pk/product/product-item-371928,Rs. 305.00,Disposable,https://shop.imtiaz.com.pk/_next/image?url=https%3A%2F%2Fimtiaz-i.s3.ap-southeast-1.amazonaws.com%2F55126%2Fgallery%2FHME260001395.jpg&w=3840&q=90
233,Imtiaz,Jazee Butter Paper 9x12 36's,https://shop.imtiaz.com.pk/product/product-item-371929,Rs. 305.00,Disposable,https://shop.imtiaz.com.pk/_next/image?url=https%3A%2F%2Fimtiaz-i.s3.ap-southeast-1.amazonaws.com%2F55126%2Fgallery%2FHME260001396.jpg&w=3840&q=90
234,Imtiaz,Tulip Toilet Roll Pink,https://shop.imtiaz.com.pk/product/product-item-363950,Rs. 55.00,Tissue,https://shop.imtiaz.com.pk/_next/image?url=https%3A%2F%2Fimtiaz-i.s3.ap-southeast-1.amazonaws.com%2F55126%2Fgallery%2FHME260000086.jpg&w=3840&q=90
235,Imtiaz,Hankies Toilet Roll Twin Pack,https://shop.imtiaz.com.pk/product/product-item-365912,Rs. 209.00,Tissue,https://shop.imtiaz.com.pk/_next/image?url=https%3A%2F%2Fimtiaz-i.s3.ap-southeast-1.amazonaws.com%2F55126%2Fgallery%2FHME260000095.jpg&w=3840&q=90
236,Imtiaz,Fay Toilet Roll Twin Pack,https://shop.imtiaz.com.pk/product/product-item-365914,Rs. 199.00,Tissue,https://shop.imtiaz.com.pk/_next/image?url=https%3A%2F%2Fimtiaz-i.s3.ap-southeast-1.amazonaws.com%2F55126%2Fgallery%2FHME260000074.jpg&w=3840&q=90
237,Imtiaz,Hankies Toilet Roll Small,https://shop.imtiaz.com.pk/product/product-item-365915,Rs. 100.00,Tissue,https://shop.imtiaz.com.pk/_next/image?url=https%3A%2F%2Fimtiaz-i.s3.ap-southeast-1.amazonaws.com%2F55126%2Fgallery%2FHME260000971.jpg&w=3840&q=90
238,Imtiaz,Fay Toilet Roll,https://shop.imtiaz.com.pk/product/product-item-365916,Rs. 109.00,Tissue,https://shop.imtiaz.com.pk/_next/image?url=https%3A%2F%2Fimtiaz-i.s3.ap-southeast-1.amazonaws.com%2F55126%2Fgallery%2FHME260000075.jpg&w=3840&q=90
239,Imtiaz,Hankies Toilet Roll Single,https://shop.imtiaz.com.pk/product/product-item-365917,Rs. 115.00,Tissue,https://shop.imtiaz.com.pk/_next/image?url=https%3A%2F%2Fimtiaz-i.s3.ap-southeast-1.amazonaws.com%2F55126%2Fgallery%2FHME260000131.jpg&w=3840&q=90
240,Imtiaz,Fay Toilet Roll Economy Pack 10's,https://shop.imtiaz.com.pk/product/product-item-369721,Rs. 912.00,Tissue,https://shop.imtiaz.com.pk/_next/image?url=https%3A%2F%2Fimtiaz-i.s3.ap-southeast-1.amazonaws.com%2F55126%2Fgallery%2FHME260000155.jpg&w=3840&q=90
241,Imtiaz,Fay Toilet Roll Biggest 4's,https://shop.imtiaz.com.pk/product/product-item-371932,Rs. 415.00,Tissue,https://shop.imtiaz.com.pk/_next/image?url=https%3A%2F%2Fimtiaz-i.s3.ap-southeast-1.amazonaws.com%2F55126%2Fgallery%2FHME260000144.jpg&w=3840&q=90
242,Imtiaz,Roomi Air Freshner Block Refill L,https://shop.imtiaz.com.pk/product/product-item-365946,Rs. 215.00,Air Fresheners & Home Fragrances,https://shop.imtiaz.com.pk/_next/image?url=https%3A%2F%2Fimtiaz-i.s3.ap-southeast-1.amazonaws.com%2F55126%2Fgallery%2FHME260000365.jpg&w=3840&q=90
243,Imtiaz,Fresh Touch Air Freshner Refill Lavender 80g,https://shop.imtiaz.com.pk/product/product-item-365947,Rs. 165.00,Air Fresheners & Home Fragrances,https://shop.imtiaz.com.pk/_next/image?url=https%3A%2F%2Fimtiaz-i.s3.ap-southeast-1.amazonaws.com%2F55126%2Fgallery%2FHME260000894.jpg&w=3840&q=90
244,Imtiaz,Fresh Touch Air Freshner Refill Lemon 80g,https://shop.imtiaz.com.pk/product/product-item-366855,Rs. 165.00,Air Fresheners & Home Fragrances,https://shop.imtiaz.com.pk/_next/image?url=https%3A%2F%2Fimtiaz-i.s3.ap-southeast-1.amazonaws.com%2F55126%2Fgallery%2FHME260000892.jpg&w=3840&q=90
245,Imtiaz,Fresh Touch Air Freshner Refill Rose 80g,https://shop.imtiaz.com.pk/product/product-item-366856,Rs. 165.00,Air Fresheners & Home Fragrances,https://shop.imtiaz.com.pk/_next/image?url=https%3A%2F%2Fimtiaz-i.s3.ap-southeast-1.amazonaws.com%2F55126%2Fgallery%2FHME260000893.jpg&w=3840&q=90
246,Imtiaz,Fresh Touch Air Freshner Refill Jasmine 80g,https://shop.imtiaz.com.pk/product/product-item-366854,Rs. 165.00,Air Fresheners & Home Fragrances,https://shop.imtiaz.com.pk/_next/image?url=https%3A%2F%2Fimtiaz-i.s3.ap-southeast-1.amazonaws.com%2F55126%2Fdish_image%2F1676025733.jpg&w=3840&q=90
