store,name,product_link,price,category
Imtiaz,LU Wheatable Sugar Free F/P,https://shop.imtiaz.com.pk/product/product-item-366398,Rs. 89.00,Biscuits & Wafers
Imtiaz,LU Wheatable F/P,https://shop.imtiaz.com.pk/product/product-item-368136,Rs. 89.00,Biscuits & Wafers
Imtiaz,Murree Brewery's Beer Lemon Malt N/R 250ml,https://shop.imtiaz.com.pk/product/product-item-364496,Rs. 79.00,Carbonated Soft Drinks
Imtiaz,Murree Brewery's Drink Big Apple PET 500ml,https://shop.imtiaz.com.pk/product/product-item-364498,Rs. 78.00,Carbonated Soft Drinks
Imtiaz,Murree Brewery's Beer Apple Malt N/R 300ml,https://shop.imtiaz.com.pk/product/product-item-366556,Rs. 79.00,Carbonated Soft Drinks
Imtiaz,Murree Brewery's Drink Big Apple PET 1500ml,https://shop.imtiaz.com.pk/product/product-item-366558,Rs. 155.00,Carbonated Soft Drinks
Imtiaz,Murree Brewery's Beer Can Peach Malt 250ml,https://shop.imtiaz.com.pk/product/product-item-368319,Rs. 82.00,Carbonated Soft Drinks
Imtiaz,Murree Brewery's Drink Lemon Malt 500ml,https://shop.imtiaz.com.pk/product/product-item-368321,Rs. 105.00,Carbonated Soft Drinks
Imtiaz,Murree Brewery's Beer Can Lemon Malt 250ml,https://shop.imtiaz.com.pk/product/product-item-368323,Rs. 82.00,Carbonated Soft Drinks
Imtiaz,Murree Brewery's Beer Peach Malt N/R 250ml,https://shop.imtiaz.com.pk/product/product-item-364497,Rs. 79.00,Carbonated Soft Drinks
Imtiaz,Murree Brewery's Beer Lychee Malt N/R 250ml,https://shop.imtiaz.com.pk/product/product-item-368325,Rs. 79.00,Carbonated Soft Drinks
Imtiaz,Murree Brewery's Beer Pineapple Malt N/R 250ml,https://shop.imtiaz.com.pk/product/product-item-368326,Rs. 79.00,Carbonated Soft Drinks
Imtiaz,Murree Brewery's Beer Strawberry Malt N/R 250ml,https://shop.imtiaz.com.pk/product/product-item-368324,Rs. 79.00,Carbonated Soft Drinks
Imtiaz,Murree Brewery's Beer Malt79 N/R 250ml,https://shop.imtiaz.com.pk/product/product-item-368322,Rs. 79.00,Carbonated Soft Drinks
Imtiaz,Murree Brewery's Beer Cindy N/R 250ml,https://shop.imtiaz.com.pk/product/product-item-366557,Rs. 79.00,Carbonated Soft Drinks
Imtiaz,Nestle Gold Nectar FV Red Anaar 1000ml,https://shop.imtiaz.com.pk/product/product-item-364457,Rs. 469.00,Juices & Nectars
Imtiaz,Nestle Gold Nectar FV Red Grape 1Ltr,https://shop.imtiaz.com.pk/product/product-item-364464,Rs. 449.00,Juices & Nectars
Imtiaz,Nestle Gold Nectar FV Pineapple Gold 1Ltr,https://shop.imtiaz.com.pk/product/product-item-364465,Rs. 469.00,Juices & Nectars
Imtiaz,Popular Maza Fruit Drink Mango Orange 250ml,https://shop.imtiaz.com.pk/product/product-item-364467,Rs. 48.00,Juices & Nectars
Imtiaz,Popular Maza Juice Apple Supremo 250ml,https://shop.imtiaz.com.pk/product/product-item-364472,Rs. 48.00,Juices & Nectars
Imtiaz,Cappy Juice Pulpy Orange 350ml,https://shop.imtiaz.com.pk/product/product-item-364475,Rs. 115.00,Juices & Nectars
Imtiaz,Nestle Gold Nectar FV Red Grape 200ml,https://shop.imtiaz.com.pk/product/product-item-364484,Rs. 69.00,Juices & Nectars
Imtiaz,Quice Juice Fruit Punch 250ml,https://shop.imtiaz.com.pk/product/product-item-364486,Rs. 35.00,Juices & Nectars
Imtiaz,Popular Maza Juice Mango King 250ml,https://shop.imtiaz.com.pk/product/product-item-364491,Rs. 40.00,Juices & Nectars
Imtiaz,Aqua COCO Coconut Water 330ml,https://shop.imtiaz.com.pk/product/product-item-366541,Rs. 479.00,Juices & Nectars
Imtiaz,Joiner Juice Grape 320ml,https://shop.imtiaz.com.pk/product/product-item-368286,Rs. 319.00,Juices & Nectars
Imtiaz,Joiner Juice Orange 320ml,https://shop.imtiaz.com.pk/product/product-item-368287,Rs. 319.00,Juices & Nectars
Imtiaz,Joiner Juice Pineapple 320ml,https://shop.imtiaz.com.pk/product/product-item-368288,Rs. 319.00,Juices & Nectars
Imtiaz,Popular Fruit Drink N/R Lychee 250ml,https://shop.imtiaz.com.pk/product/product-item-368297,Rs. 109.00,Juices & Nectars
Imtiaz,Popular Maza Fruit Drink Chaunsa 200ml,https://shop.imtiaz.com.pk/product/product-item-368299,Rs. 49.00,Juices & Nectars
Imtiaz,Haleeb Fruit Drink Apple Apple 1Ltr,https://shop.imtiaz.com.pk/product/product-item-368300,Rs. 209.00,Juices & Nectars
Imtiaz,Malee Coconut Water 100% 1Ltr,https://shop.imtiaz.com.pk/product/product-item-368306,"Rs. 1,295.00",Juices & Nectars
Imtiaz,Malee Coconut Water 100% 330ml,https://shop.imtiaz.com.pk/product/product-item-368307,Rs. 469.00,Juices & Nectars
Imtiaz,Mogu Mogu Juice Peach 320ml,https://shop.imtiaz.com.pk/product/product-item-370112,Rs. 319.00,Juices & Nectars
Imtiaz,Mogu Mogu Juice Coconut 320ml,https://shop.imtiaz.com.pk/product/product-item-370115,Rs. 319.00,Juices & Nectars
Imtiaz,Popular Real Froot Fruit Drink Red Grape 200ml,https://shop.imtiaz.com.pk/product/product-item-370116,Rs. 48.00,Juices & Nectars
Imtiaz,Nestle Nectar FV Peach 200ml,https://shop.imtiaz.com.pk/product/product-item-364489,Rs. 69.00,Juices & Nectars
Imtiaz,Nestle Nectar FV 100% Orange 1Ltr,https://shop.imtiaz.com.pk/product/product-item-364459,Rs. 449.00,Juices & Nectars
Imtiaz,Haleeb Fruit Drink Chaunsa Chaunsa 200ml,https://shop.imtiaz.com.pk/product/product-item-364468,Rs. 45.00,Juices & Nectars
Imtiaz,Haleeb Fruit Drink Apple Apple 200ml,https://shop.imtiaz.com.pk/product/product-item-366549,Rs. 45.00,Juices & Nectars
Imtiaz,Quice Perfect Juice Apple 200ml,https://shop.imtiaz.com.pk/product/product-item-364473,Rs. 40.00,Juices & Nectars
Imtiaz,Nestle Nectar FV Chaunsa 1Ltr,https://shop.imtiaz.com.pk/product/product-item-363668,Rs. 369.00,Juices & Nectars
Imtiaz,Shangrila lemon Juice 275ml,https://shop.imtiaz.com.pk/product/product-item-364455,Rs. 199.00,Juices & Nectars
Imtiaz,Nestle Nectar FV Kinnow 200ml,https://shop.imtiaz.com.pk/product/product-item-364490,Rs. 69.00,Juices & Nectars
Imtiaz,Nestle Nectar FV Kinnow 1Ltr,https://shop.imtiaz.com.pk/product/product-item-364471,Rs. 369.00,Juices & Nectars
Imtiaz,Nestle Nectar FV Apple 1Ltr,https://shop.imtiaz.com.pk/product/product-item-364479,Rs. 369.00,Juices & Nectars
Imtiaz,Nestle Nectar FV Guava 200ml,https://shop.imtiaz.com.pk/product/product-item-364476,Rs. 69.00,Juices & Nectars
Imtiaz,Nestle Nectar FV Peach 1Ltr,https://shop.imtiaz.com.pk/product/product-item-364470,Rs. 369.00,Juices & Nectars
Imtiaz,Nestle Drink Nesfruta Mango 200ml,https://shop.imtiaz.com.pk/product/product-item-363669,Rs. 49.00,Juices & Nectars
Imtiaz,Nestle Fruit Drink Apple 1Ltr,https://shop.imtiaz.com.pk/product/product-item-368302,Rs. 245.00,Juices & Nectars
Imtiaz,Gatorade Sport Drink Tropical Fruit Local 500ml,https://shop.imtiaz.com.pk/product/product-item-364452,Rs. 95.00,Sports Drink
Imtiaz,Gatorade Sport Drink Blue Bolt Local 500ml,https://shop.imtiaz.com.pk/product/product-item-364453,Rs. 95.00,Sports Drink
Imtiaz,Milo Drinking Powder Pouch 500g,https://shop.imtiaz.com.pk/product/product-item-364492,"Rs. 1,549.00",Make to drink
Imtiaz,Milo Drinking Powder Pouch 300g,https://shop.imtiaz.com.pk/product/product-item-364493,Rs. 999.00,Make to drink
Imtiaz,Nestle Milo Powder 15g,https://shop.imtiaz.com.pk/product/product-item-368312,Rs. 59.00,Make to drink
Imtiaz,Dasani Mineral Water 1500ml,https://shop.imtiaz.com.pk/product/product-item-363658,Rs. 75.00,Water
Imtiaz,Dasani Mineral Water 500ml,https://shop.imtiaz.com.pk/product/product-item-363661,Rs. 40.00,Water
Imtiaz,Masafi Mineral Water 1500ml.,https://shop.imtiaz.com.pk/product/product-item-370107,Rs. 249.00,Water
Imtiaz,Aquafina Mineral Water 500ml,https://shop.imtiaz.com.pk/product/product-item-363665,Rs. 40.00,Water
Imtiaz,Nestle Mineral Water 500ml,https://shop.imtiaz.com.pk/product/product-item-363664,Rs. 47.00,Water
Imtiaz,Tapal Green Tea Bags Mint 30's,https://shop.imtiaz.com.pk/product/product-item-368341,Rs. 239.00,Tea
Imtiaz,Tapal Green Tea Bags Tropical Peach 30's,https://shop.imtiaz.com.pk/product/product-item-368342,Rs. 239.00,Tea
Imtiaz,Tapal Green Tea Bags Ginger Honey 30's,https://shop.imtiaz.com.pk/product/product-item-368343,Rs. 239.00,Tea
Imtiaz,Tapal Green Tea Bags Elaichi 30's,https://shop.imtiaz.com.pk/product/product-item-370217,Rs. 239.00,Tea
Imtiaz,Tapal Green Tea Gulbahar 28g,https://shop.imtiaz.com.pk/product/product-item-364596,Rs. 48.00,Tea
Imtiaz,Tapal Green Tea Bags Lemon 30's,https://shop.imtiaz.com.pk/product/product-item-367895,Rs. 239.00,Tea
Imtiaz,Tapal Green Tea Bags Pure Green 30's,https://shop.imtiaz.com.pk/product/product-item-370218,Rs. 239.00,Tea
Imtiaz,Tapal Green Tea Bags Selection Pack 32's,https://shop.imtiaz.com.pk/product/product-item-367892,Rs. 249.00,Tea
Imtiaz,Tapal Green Tea LemonGrass Jar 100g,https://shop.imtiaz.com.pk/product/product-item-367891,Rs. 275.00,Tea
Imtiaz,Nescafe Coffee Classic Local 100g,https://shop.imtiaz.com.pk/product/product-item-364594,"Rs. 2,035.00",Coffee
Imtiaz,Nescafe Coffee Classic Local Round 200g,https://shop.imtiaz.com.pk/product/product-item-366981,"Rs. 3,749.00",Coffee
Imtiaz,Imtiaz Coffee Classic 85g,https://shop.imtiaz.com.pk/product/product-item-374873,"Rs. 1,599.00",Coffee
Imtiaz,Imtiaz Coffee Classic 50g,https://shop.imtiaz.com.pk/product/product-item-374870,Rs. 899.00,Coffee
Imtiaz,Nescafe Coffee Classic Local 50g,https://shop.imtiaz.com.pk/product/product-item-364595,"Rs. 1,085.00",Coffee
Imtiaz,Tapal Tea Danedar Elaichi 3in1 20g,https://shop.imtiaz.com.pk/product/product-item-363734,Rs. 90.00,Instant Tea & Coffee
Imtiaz,Everyday Tea Whitener Mixed Tea 560g,https://shop.imtiaz.com.pk/product/product-item-363731,"Rs. 1,149.00",Tea Whiteners
Imtiaz,Everyday Tea Whitener 850g,https://shop.imtiaz.com.pk/product/product-item-363732,"Rs. 1,629.00",Tea Whiteners
Imtiaz,Tarang Milk 220ml,https://shop.imtiaz.com.pk/product/product-item-363733,Rs. 58.00,Tea Whiteners
Imtiaz,Everyday Tea Whitener 1800g,https://shop.imtiaz.com.pk/product/product-item-364582,"Rs. 3,389.00",Tea Whiteners
Imtiaz,Everyday Tea Whitener 1200g,https://shop.imtiaz.com.pk/product/product-item-364583,"Rs. 2,279.00",Tea Whiteners
Imtiaz,Everyday Tea Whitener 350g,https://shop.imtiaz.com.pk/product/product-item-364585,Rs. 719.00,Tea Whiteners
Imtiaz,Everyday Tea Whitener Mixed Tea 230g,https://shop.imtiaz.com.pk/product/product-item-364586,Rs. 479.00,Tea Whiteners
Imtiaz,Ponam Black Eyed Beans (White Lobia) 500g,https://shop.imtiaz.com.pk/product/product-item-363403,Rs. 169.00,Pulses & Grains
Imtiaz,Ponam Masoor Whole 1000g,https://shop.imtiaz.com.pk/product/product-item-363404,Rs. 249.00,Pulses & Grains
Imtiaz,Ponam Chana Black 1000g,https://shop.imtiaz.com.pk/product/product-item-363405,Rs. 229.00,Pulses & Grains
Imtiaz,Ponam Chana White B-9 500g,https://shop.imtiaz.com.pk/product/product-item-363407,Rs. 125.00,Pulses & Grains
Imtiaz,Ponam Chana Black 500g,https://shop.imtiaz.com.pk/product/product-item-363408,Rs. 119.00,Pulses & Grains
Imtiaz,Ponam Dal Mash 500g,https://shop.imtiaz.com.pk/product/product-item-363409,Rs. 183.00,Pulses & Grains
Imtiaz,Ponam Red Kidney Beans (Lobia) 500g,https://shop.imtiaz.com.pk/product/product-item-363411,Rs. 239.00,Pulses & Grains
Imtiaz,Ponam Dal Moong 1000g,https://shop.imtiaz.com.pk/product/product-item-363413,Rs. 365.00,Pulses & Grains
Imtiaz,Ponam Chana White Supreme 500g,https://shop.imtiaz.com.pk/product/product-item-363414,Rs. 199.00,Pulses & Grains
Imtiaz,Ponam Chana White Supreme 1000g,https://shop.imtiaz.com.pk/product/product-item-363415,Rs. 399.00,Pulses & Grains
Imtiaz,Ponam Dal Masoor 500g,https://shop.imtiaz.com.pk/product/product-item-363416,Rs. 135.00,Pulses & Grains
Imtiaz,Ponam Dal Chana Supreme 1000g,https://shop.imtiaz.com.pk/product/product-item-363417,Rs. 249.00,Pulses & Grains
Imtiaz,Ponam Dal Chana Supreme 500g,https://shop.imtiaz.com.pk/product/product-item-363418,Rs. 127.00,Pulses & Grains
Imtiaz,Ponam Dal Moong 500g,https://shop.imtiaz.com.pk/product/product-item-363419,Rs. 185.00,Pulses & Grains
Imtiaz,Ponam Moong Whole 500g,https://shop.imtiaz.com.pk/product/product-item-364858,Rs. 175.00,Pulses & Grains
Imtiaz,Ponam Dal Mix 500g,https://shop.imtiaz.com.pk/product/product-item-364860,Rs. 189.00,Pulses & Grains
Imtiaz,Ponam Gandum 500g,https://shop.imtiaz.com.pk/product/product-item-364861,Rs. 75.00,Pulses & Grains
Imtiaz,Ponam Dal Mash Chilka Black 500g,https://shop.imtiaz.com.pk/product/product-item-366138,Rs. 183.00,Pulses & Grains
Imtiaz,Ponam Dal Mash Whole 500g,https://shop.imtiaz.com.pk/product/product-item-366139,Rs. 183.00,Pulses & Grains
Imtiaz,Ponam Dal Masoor 1000g,https://shop.imtiaz.com.pk/product/product-item-363412,Rs. 269.00,Pulses & Grains
Imtiaz,Bake Parlor Macaroni Twisted 400g,https://shop.imtiaz.com.pk/product/product-item-363461,Rs. 169.00,Noodles & Pasta
Imtiaz,Bake Parlor Macaroni Elbow 400g,https://shop.imtiaz.com.pk/product/product-item-363462,Rs. 169.00,Noodles & Pasta
Imtiaz,Crispo Macaroni Twist 400g,https://shop.imtiaz.com.pk/product/product-item-364925,Rs. 145.00,Noodles & Pasta
Imtiaz,Kolson Lasagne 370g,https://shop.imtiaz.com.pk/product/product-item-364926,Rs. 316.00,Noodles & Pasta
Imtiaz,Bake Parlor Lasagne 400g,https://shop.imtiaz.com.pk/product/product-item-364928,Rs. 299.00,Noodles & Pasta
Imtiaz,Bake Parlor Macaroni Spirals 400g,https://shop.imtiaz.com.pk/product/product-item-364929,Rs. 169.00,Noodles & Pasta
Imtiaz,Kolson Pasta Roasted 300g,https://shop.imtiaz.com.pk/product/product-item-364931,Rs. 79.00,Noodles & Pasta
Imtiaz,Bake Parlor Pasta Roasted Cut Vermicelli 350g,https://shop.imtiaz.com.pk/product/product-item-364932,Rs. 85.00,Noodles & Pasta
Imtiaz,Kolson Macaroni Shell Bag (L) 400g,https://shop.imtiaz.com.pk/product/product-item-364933,Rs. 182.00,Noodles & Pasta
Imtiaz,Bake Parlor Macaroni Fusilli 400g,https://shop.imtiaz.com.pk/product/product-item-364934,Rs. 169.00,Noodles & Pasta
Imtiaz,Bake Parlor Macaroni Penne 400g,https://shop.imtiaz.com.pk/product/product-item-364935,Rs. 169.00,Noodles & Pasta
Imtiaz,Bake Parlor Macaroni Shell 400g,https://shop.imtiaz.com.pk/product/product-item-364936,Rs. 169.00,Noodles & Pasta
Imtiaz,Kolson Macaroni Elbow Twisted Bag (M) 400g,https://shop.imtiaz.com.pk/product/product-item-364937,Rs. 182.00,Noodles & Pasta
Imtiaz,Kolson Macaroni Penne Bag 400g,https://shop.imtiaz.com.pk/product/product-item-364938,Rs. 182.00,Noodles & Pasta
Imtiaz,Bake Parlor Macaroni Tikka 250g,https://shop.imtiaz.com.pk/product/product-item-364939,Rs. 125.00,Noodles & Pasta
Imtiaz,Kolson Macaroni Elbow Bag (L) 400g,https://shop.imtiaz.com.pk/product/product-item-364940,Rs. 182.00,Noodles & Pasta
Imtiaz,Bake Parlor Macaroni Seven Spice 250g,https://shop.imtiaz.com.pk/product/product-item-366204,Rs. 125.00,Noodles & Pasta
Imtiaz,Bake Parlor Macaroni Jalfrezi 250g,https://shop.imtiaz.com.pk/product/product-item-366205,Rs. 125.00,Noodles & Pasta
Imtiaz,Bake Parlor Macaroni Bihari Tikka 250g,https://shop.imtiaz.com.pk/product/product-item-366208,Rs. 125.00,Noodles & Pasta
Imtiaz,Bake Parlor Macaroni Malai Tikka 250g,https://shop.imtiaz.com.pk/product/product-item-366209,Rs. 125.00,Noodles & Pasta
Imtiaz,Crispo Macaroni Shell 400g,https://shop.imtiaz.com.pk/product/product-item-366211,Rs. 145.00,Noodles & Pasta
Imtiaz,Crispo Macaroni Elbow 400g,https://shop.imtiaz.com.pk/product/product-item-366212,Rs. 145.00,Noodles & Pasta
Imtiaz,Kolson Macaroni Spirals Bag 400g,https://shop.imtiaz.com.pk/product/product-item-366213,Rs. 182.00,Noodles & Pasta
Imtiaz,Bake Parlor Macaroni Bar B Que 250g,https://shop.imtiaz.com.pk/product/product-item-366215,Rs. 125.00,Noodles & Pasta
Imtiaz,Bake Parlor Macaroni Achari 250g,https://shop.imtiaz.com.pk/product/product-item-368764,Rs. 125.00,Noodles & Pasta
Imtiaz,Bake Parlor Macaroni Shashlik 250g,https://shop.imtiaz.com.pk/product/product-item-368765,Rs. 125.00,Noodles & Pasta
Imtiaz,Bake Parlor Macaroni Qeema 250g,https://shop.imtiaz.com.pk/product/product-item-368766,Rs. 125.00,Noodles & Pasta
Imtiaz,Crispo Macaroni Riggi 400g,https://shop.imtiaz.com.pk/product/product-item-368769,Rs. 145.00,Noodles & Pasta
Imtiaz,Bake Parlor Macaroni Elbow Box 400g,https://shop.imtiaz.com.pk/product/product-item-364924,Rs. 169.00,Noodles & Pasta
Imtiaz,Crispo Macaroni Curl 400g,https://shop.imtiaz.com.pk/product/product-item-364930,Rs. 145.00,Noodles & Pasta
Imtiaz,Ponam Chilli Crushed 200g,https://shop.imtiaz.com.pk/product/product-item-363364,Rs. 169.00,"Salt, Spices & Herbs"
Imtiaz,Ponam Black Peper Powder 100g,https://shop.imtiaz.com.pk/product/product-item-363366,Rs. 299.00,"Salt, Spices & Herbs"
Imtiaz,Ponam Haldi Powder 200g,https://shop.imtiaz.com.pk/product/product-item-363367,Rs. 195.00,"Salt, Spices & Herbs"
Imtiaz,Ponam Dhania Powder 100g,https://shop.imtiaz.com.pk/product/product-item-363368,Rs. 70.00,"Salt, Spices & Herbs"
Imtiaz,Ponam Chilli Crushed 100g,https://shop.imtiaz.com.pk/product/product-item-363369,Rs. 89.00,"Salt, Spices & Herbs"
Imtiaz,Ponam Lal Mirch Powder 200g,https://shop.imtiaz.com.pk/product/product-item-363370,Rs. 169.00,"Salt, Spices & Herbs"
Imtiaz,Ponam Lal Mirch Powder 100g,https://shop.imtiaz.com.pk/product/product-item-363371,Rs. 89.00,"Salt, Spices & Herbs"
Imtiaz,Ponam Haldi Powder 100g,https://shop.imtiaz.com.pk/product/product-item-363372,Rs. 99.00,"Salt, Spices & Herbs"
Imtiaz,Ponam Dhania Powder 400g,https://shop.imtiaz.com.pk/product/product-item-364802,Rs. 265.00,"Salt, Spices & Herbs"
Imtiaz,Ponam Chilli Crushed 500g,https://shop.imtiaz.com.pk/product/product-item-364803,Rs. 399.00,"Salt, Spices & Herbs"
Imtiaz,Ponam Haldi Powder 400g,https://shop.imtiaz.com.pk/product/product-item-364804,Rs. 379.00,"Salt, Spices & Herbs"
Imtiaz,Ponam White Pepper Powder 50g,https://shop.imtiaz.com.pk/product/product-item-364805,Rs. 189.00,"Salt, Spices & Herbs"
Imtiaz,Ponam Fried Onion 500g,https://shop.imtiaz.com.pk/product/product-item-364806,Rs. 249.00,"Salt, Spices & Herbs"
Imtiaz,Ponam Black Peper Powder 50g,https://shop.imtiaz.com.pk/product/product-item-364807,Rs. 155.00,"Salt, Spices & Herbs"
Imtiaz,Ponam Chat Masala 200g,https://shop.imtiaz.com.pk/product/product-item-364808,Rs. 199.00,"Salt, Spices & Herbs"
Imtiaz,Zeera White Powder 100g,https://shop.imtiaz.com.pk/product/product-item-364809,Rs. 169.00,"Salt, Spices & Herbs"
Imtiaz,Ponam Lal Mirch Powder 400g,https://shop.imtiaz.com.pk/product/product-item-364810,Rs. 329.00,"Salt, Spices & Herbs"
Imtiaz,Dhania Powder 200g,https://shop.imtiaz.com.pk/product/product-item-364811,Rs. 135.00,"Salt, Spices & Herbs"
Imtiaz,Ponam Garlic Powder 100g,https://shop.imtiaz.com.pk/product/product-item-366110,Rs. 125.00,"Salt, Spices & Herbs"
Imtiaz,Zeera White Powder 50g,https://shop.imtiaz.com.pk/product/product-item-366113,Rs. 99.00,"Salt, Spices & Herbs"
Imtiaz,Ponam Ginger Dried (Soonth) Powder 50g,https://shop.imtiaz.com.pk/product/product-item-366114,Rs. 119.00,"Salt, Spices & Herbs"
Imtiaz,Ponam Mustard Seeds (Rai Dana) Powder 100g,https://shop.imtiaz.com.pk/product/product-item-368589,Rs. 89.00,"Salt, Spices & Herbs"
Imtiaz,Fauji Wheat Porridge 250g,https://shop.imtiaz.com.pk/product/product-item-364909,Rs. 225.00,Cereals & Oats
Imtiaz,Fauji Barley Porridge 250g,https://shop.imtiaz.com.pk/product/product-item-364910,Rs. 339.00,Cereals & Oats
Imtiaz,Nature's Own White Oats Pouch 500g.,https://shop.imtiaz.com.pk/product/product-item-364911,Rs. 499.00,Cereals & Oats
Imtiaz,Ponam Jou Dalya 500g,https://shop.imtiaz.com.pk/product/product-item-364913,Rs. 119.00,Cereals & Oats
Imtiaz,Brio's Easy Cooking Oats Pouch 500g,https://shop.imtiaz.com.pk/product/product-item-364914,Rs. 439.00,Cereals & Oats
Imtiaz,Ponam Dalya Wheat 500g,https://shop.imtiaz.com.pk/product/product-item-364915,Rs. 85.00,Cereals & Oats
Imtiaz,Ponam Sagu Dana 250g,https://shop.imtiaz.com.pk/product/product-item-364917,Rs. 85.00,Cereals & Oats
Imtiaz,Fauji Choco Cups New 250g,https://shop.imtiaz.com.pk/product/product-item-366171,Rs. 689.00,Cereals & Oats
Imtiaz,Fauji Flakes Muesl with Nuts & Fruits 250g,https://shop.imtiaz.com.pk/product/product-item-366173,Rs. 809.00,Cereals & Oats
Imtiaz,Jenan White Oats Pouch 500g,https://shop.imtiaz.com.pk/product/product-item-366175,Rs. 599.00,Cereals & Oats
Imtiaz,Nature's Own Quick Cooking White Oats 200g Pouch,https://shop.imtiaz.com.pk/product/product-item-366179,Rs. 219.00,Cereals & Oats
Imtiaz,Nature's Own Quick Cooking White Oats 400g Tin,https://shop.imtiaz.com.pk/product/product-item-366180,Rs. 655.00,Cereals & Oats
Imtiaz,Weetabix Cereal Biscuit 12's,https://shop.imtiaz.com.pk/product/product-item-366183,Rs. 889.00,Cereals & Oats
Imtiaz,Nestle Koko Crunch 150g,https://shop.imtiaz.com.pk/product/product-item-366184,Rs. 699.00,Cereals & Oats
Imtiaz,Fauji Choco Chuckles 250G,https://shop.imtiaz.com.pk/product/product-item-368709,Rs. 729.00,Cereals & Oats
Imtiaz,Fauji Barley Porridge 1kg,https://shop.imtiaz.com.pk/product/product-item-374930,Rs. 859.00,Cereals & Oats
Imtiaz,Jenan White Oats 200g Pouch,https://shop.imtiaz.com.pk/product/product-item-374933,Rs. 269.00,Cereals & Oats
Imtiaz,Borges Olive Oil 100% Pure 125ml,https://shop.imtiaz.com.pk/product/product-item-368737,Rs. 915.00,Edible Oil & Ghee
Imtiaz,Borges Olive Oil Pure Tin 100ml,https://shop.imtiaz.com.pk/product/product-item-368739,Rs. 739.00,Edible Oil & Ghee
Imtiaz,Borges Olive Oil Pure Tin 200ml,https://shop.imtiaz.com.pk/product/product-item-368740,"Rs. 1,269.00",Edible Oil & Ghee
Imtiaz,Borges Olive Oil Extra Virgin 125ml,https://shop.imtiaz.com.pk/product/product-item-370467,Rs. 989.00,Edible Oil & Ghee
Imtiaz,Borges Olive Oil Pomace Tin 100ml,https://shop.imtiaz.com.pk/product/product-item-370468,Rs. 635.00,Edible Oil & Ghee
Imtiaz,Borges Olive Oil Pomace 1Ltr,https://shop.imtiaz.com.pk/product/product-item-370470,"Rs. 3,175.00",Edible Oil & Ghee
Imtiaz,Borges Olive Oil Extra Light 250ml,https://shop.imtiaz.com.pk/product/product-item-370471,"Rs. 1,629.00",Edible Oil & Ghee
Imtiaz,Mueloliva Olive Oil Extra Light 1Ltr,https://shop.imtiaz.com.pk/product/product-item-370473,"Rs. 4,545.00",Edible Oil & Ghee
Imtiaz,Borges Olive Oil Extra Virgin 500ml,https://shop.imtiaz.com.pk/product/product-item-370474,"Rs. 3,165.00",Edible Oil & Ghee
Imtiaz,Borges Olive Oil Extra Virgin 250ml,https://shop.imtiaz.com.pk/product/product-item-370475,"Rs. 1,789.00",Edible Oil & Ghee
Imtiaz,Mueloliva Olive Oil Extra Virgin 1Ltr,https://shop.imtiaz.com.pk/product/product-item-370478,"Rs. 4,885.00",Edible Oil & Ghee
Imtiaz,Borges Olive Oil Extra Virgin 750ml,https://shop.imtiaz.com.pk/product/product-item-370481,"Rs. 4,669.00",Edible Oil & Ghee
Imtiaz,Muelolive Olive Oil Extra Light 1Ltr,https://shop.imtiaz.com.pk/product/product-item-370469,"Rs. 4,465.00",Edible Oil & Ghee
Imtiaz,Ponam Super Kernel Basmati Rice 1Kg,https://shop.imtiaz.com.pk/product/product-item-363399,Rs. 335.00,Rice
Imtiaz,Ponam Supreme Sela Rice 1Kg,https://shop.imtiaz.com.pk/product/product-item-363400,Rs. 335.00,Rice
Imtiaz,Ponam Basmati Rice Kifayat 1Kg,https://shop.imtiaz.com.pk/product/product-item-363401,Rs. 235.00,Rice
Imtiaz,Ponam Supreme Basmati Rice Kainat 1Kg,https://shop.imtiaz.com.pk/product/product-item-363402,Rs. 375.00,Rice
Imtiaz,Ponam Baisan 500g,https://shop.imtiaz.com.pk/product/product-item-363420,Rs. 125.00,Flour
Imtiaz,Ponam Maida 500g,https://shop.imtiaz.com.pk/product/product-item-363421,Rs. 85.00,Flour
Imtiaz,Ponam Maida 1kg,https://shop.imtiaz.com.pk/product/product-item-363423,Rs. 159.00,Flour
Imtiaz,Ponam Baisan 1000g,https://shop.imtiaz.com.pk/product/product-item-363425,Rs. 249.00,Flour
Imtiaz,Ponam Cornflour 500g,https://shop.imtiaz.com.pk/product/product-item-364865,Rs. 119.00,Flour
Imtiaz,Ponam Super Fine Special Atta 5kg,https://shop.imtiaz.com.pk/product/product-item-363422,Rs. 605.00,Flour
Imtiaz,Ponam Atta Chakki 5Kg,https://shop.imtiaz.com.pk/product/product-item-363424,Rs. 615.00,Flour
Imtiaz,Ponam Cornflour 1kg,https://shop.imtiaz.com.pk/product/product-item-364863,Rs. 229.00,Flour
Imtiaz,Sugarie Granulated Brown Sugar 500g,https://shop.imtiaz.com.pk/product/product-item-364983,Rs. 199.00,Sugar
Imtiaz,Sugarie Granulated Brown Sugar 1000g,https://shop.imtiaz.com.pk/product/product-item-364984,Rs. 379.00,Sugar
Imtiaz,Sugarie Powdered Brown Sugar 1000g,https://shop.imtiaz.com.pk/product/product-item-367542,Rs. 379.00,Sugar
Imtiaz,Ponam Gurr Shakar 500g,https://shop.imtiaz.com.pk/product/product-item-363475,Rs. 139.00,Sugar
Imtiaz,Ponam Cashew Nut (Kajoo) 100g,https://shop.imtiaz.com.pk/product/product-item-364870,Rs. 399.00,Dry Fruits
Imtiaz,Ponam Chana Bhuna Clean 200g,https://shop.imtiaz.com.pk/product/product-item-364871,Rs. 175.00,Dry Fruits
Imtiaz,Ponam Sunflower Seeds 200g,https://shop.imtiaz.com.pk/product/product-item-364876,Rs. 149.00,Dry Fruits
Imtiaz,Ponam Misri 250g,https://shop.imtiaz.com.pk/product/product-item-364877,Rs. 149.00,Dry Fruits
Imtiaz,Ponam Dry Fruit Mix 100g,https://shop.imtiaz.com.pk/product/product-item-364878,Rs. 349.00,Dry Fruits
Imtiaz,Ponam Khopra Whole 250g,https://shop.imtiaz.com.pk/product/product-item-364880,Rs. 399.00,Dry Fruits
Imtiaz,Ponam Chana Roast 200g,https://shop.imtiaz.com.pk/product/product-item-364882,Rs. 159.00,Dry Fruits
Imtiaz,Ponam Almond Kernel USA 100g,https://shop.imtiaz.com.pk/product/product-item-364883,Rs. 335.00,Dry Fruits
Imtiaz,Ponam Khopra Powder 100g,https://shop.imtiaz.com.pk/product/product-item-364885,Rs. 175.00,Dry Fruits
Imtiaz,Ponam Seeds Salted 100g,https://shop.imtiaz.com.pk/product/product-item-366144,Rs. 215.00,Dry Fruits
Imtiaz,Ponam Raisin Sundarkhani (Kishmish) 100g,https://shop.imtiaz.com.pk/product/product-item-366148,Rs. 169.00,Dry Fruits
Imtiaz,Ponam Almond Kernel USA 50g,https://shop.imtiaz.com.pk/product/product-item-366149,Rs. 179.00,Dry Fruits
Imtiaz,Ponam Almond Kernel USA 500g,https://shop.imtiaz.com.pk/product/product-item-366150,"Rs. 1,649.00",Dry Fruits
Imtiaz,Ponam Nukal Dana 200g,https://shop.imtiaz.com.pk/product/product-item-366151,Rs. 79.00,Dry Fruits
Imtiaz,Ponam Khubani 200g,https://shop.imtiaz.com.pk/product/product-item-368663,Rs. 349.00,Dry Fruits
Imtiaz,Ponam Peanut Spicy 200g,https://shop.imtiaz.com.pk/product/product-item-368665,Rs. 189.00,Dry Fruits
Imtiaz,Ponam Pistachio Inshell Salted 200g,https://shop.imtiaz.com.pk/product/product-item-368666,Rs. 899.00,Dry Fruits
Imtiaz,Ponam Dry Fig (Injeer) Jumbo 200g,https://shop.imtiaz.com.pk/product/product-item-368667,Rs. 599.00,Dry Fruits
Imtiaz,Ponam Pop Corn 500g,https://shop.imtiaz.com.pk/product/product-item-364959,Rs. 169.00,Canned/Bottled Foods
Imtiaz,Dipitt Smokey BBQ Sauce 300g,https://shop.imtiaz.com.pk/product/product-item-368669,Rs. 274.00,"Sauces, Dressings & Seasonings"
Imtiaz,Young's Honey 125g,https://shop.imtiaz.com.pk/product/product-item-366193,Rs. 295.00,Spreads
Imtiaz,Ponam Honey Natural 250g,https://shop.imtiaz.com.pk/product/product-item-366194,Rs. 439.00,Spreads
Imtiaz,N Swat Honey 250g,https://shop.imtiaz.com.pk/product/product-item-366195,Rs. 225.00,Spreads
Imtiaz,Ponam Honey Natural 500g,https://shop.imtiaz.com.pk/product/product-item-368744,Rs. 749.00,Spreads
Imtiaz,Langnese Honey 125g,https://shop.imtiaz.com.pk/product/product-item-368745,Rs. 719.00,Spreads
Imtiaz,Langnese Honey 250g,https://shop.imtiaz.com.pk/product/product-item-368747,"Rs. 1,299.00",Spreads
Imtiaz,Langnese Honey 375g,https://shop.imtiaz.com.pk/product/product-item-368748,"Rs. 1,885.00",Spreads
Imtiaz,HibaLife Honey 600g,https://shop.imtiaz.com.pk/product/product-item-370500,"Rs. 1,949.00",Spreads
Imtiaz,HibaLife Honey 1000g,https://shop.imtiaz.com.pk/product/product-item-370501,"Rs. 2,999.00",Spreads
Imtiaz,Langnese Honey Acacia 500g,https://shop.imtiaz.com.pk/product/product-item-370503,"Rs. 3,419.00",Spreads
Imtiaz,Langnese Honey Black Forest 500g,https://shop.imtiaz.com.pk/product/product-item-370504,"Rs. 3,727.00",Spreads
Imtiaz,Langnese Honey 500g,https://shop.imtiaz.com.pk/product/product-item-370505,"Rs. 2,359.00",Spreads
Imtiaz,Langnese Honey Black Forest 1000g,https://shop.imtiaz.com.pk/product/product-item-370506,"Rs. 7,154.00",Spreads
Imtiaz,Langnese Honey 1000g,https://shop.imtiaz.com.pk/product/product-item-370507,"Rs. 4,469.00",Spreads
Imtiaz,N Swat Honey 500g,https://shop.imtiaz.com.pk/product/product-item-368746,Rs. 455.00,Spreads
Imtiaz,N Swat Honey 1000g,https://shop.imtiaz.com.pk/product/product-item-366196,Rs. 819.00,Spreads
Imtiaz,Laziza Kheer Mix Almond & Saffron 155g,https://shop.imtiaz.com.pk/product/product-item-364970,Rs. 135.00,Dessert
Imtiaz,Laziza Kheer Mix Pista & Coconut 155g,https://shop.imtiaz.com.pk/product/product-item-364971,Rs. 135.00,Dessert
Imtiaz,Laziza Sheer Khurma MIx Saffron 160g,https://shop.imtiaz.com.pk/product/product-item-364972,Rs. 199.00,Dessert
Imtiaz,Laziza Kheer Mix Standard 155g,https://shop.imtiaz.com.pk/product/product-item-364973,Rs. 135.00,Dessert
Imtiaz,Laziza Kheer Mix Standard E/Pack 310g,https://shop.imtiaz.com.pk/product/product-item-364974,Rs. 265.00,Dessert
Imtiaz,Laziza Kheer Mix Dry Fruit 160g,https://shop.imtiaz.com.pk/product/product-item-366221,Rs. 135.00,Dessert
Imtiaz,Laziza Ras Malai Mix Standard 75g,https://shop.imtiaz.com.pk/product/product-item-366222,Rs. 199.00,Dessert
Imtiaz,Shan Pista Kheer 150g,https://shop.imtiaz.com.pk/product/product-item-366223,Rs. 169.00,Dessert
Imtiaz,Laziza Kulfa Khoya Mix Pistachio 152g,https://shop.imtiaz.com.pk/product/product-item-366225,Rs. 199.00,Dessert
Imtiaz,Mehran Sheer Khurma MIx 160g,https://shop.imtiaz.com.pk/product/product-item-366226,Rs. 158.00,Dessert
Imtiaz,Happy Home Kheer Mix Rice Pudding 155g,https://shop.imtiaz.com.pk/product/product-item-366227,Rs. 139.00,Dessert
Imtiaz,Laziza Ras Malai Mix Almond 75g,https://shop.imtiaz.com.pk/product/product-item-366229,Rs. 199.00,Dessert
Imtiaz,Happy Home Sheer Khurma MIx 160g,https://shop.imtiaz.com.pk/product/product-item-366230,Rs. 155.00,Dessert
Imtiaz,Laziza Firni Khas Kewra 150g,https://shop.imtiaz.com.pk/product/product-item-368782,Rs. 135.00,Dessert
Imtiaz,Laziza Gulab Jamun Mix 85g,https://shop.imtiaz.com.pk/product/product-item-368784,Rs. 199.00,Dessert
Imtiaz,Laziza Doodh Dullari Mix 225g,https://shop.imtiaz.com.pk/product/product-item-368785,Rs. 199.00,Dessert
Imtiaz,Laziza Faluda Mix Rabri 200g,https://shop.imtiaz.com.pk/product/product-item-368786,Rs. 189.00,Dessert
Imtiaz,Mehran Firni Mix 155g,https://shop.imtiaz.com.pk/product/product-item-368789,Rs. 119.00,Dessert
Imtiaz,Rafhan Ice Cream Powder Vanilla 275g,https://shop.imtiaz.com.pk/product/product-item-368791,Rs. 179.00,Dessert
Imtiaz,Happy Home Doodh Dulari 220g,https://shop.imtiaz.com.pk/product/product-item-368792,Rs. 165.00,Dessert
Imtiaz,Happy Home Faluda Mix Special 180g,https://shop.imtiaz.com.pk/product/product-item-368793,Rs. 155.00,Dessert
Imtiaz,Shan Badam Kheer Mix 150g,https://shop.imtiaz.com.pk/product/product-item-368795,Rs. 169.00,Dessert
Imtiaz,Mehran Badam Kheer Mix 155g,https://shop.imtiaz.com.pk/product/product-item-368796,Rs. 119.00,Dessert
Imtiaz,Shan Sheer Khurma MIx 150g,https://shop.imtiaz.com.pk/product/product-item-364969,Rs. 185.00,Dessert
Imtiaz,Polac Condensed Milk 390g,https://shop.imtiaz.com.pk/product/product-item-366900,Rs. 299.00,Milk
Imtiaz,Polac Condensed Milk Tin 1000g,https://shop.imtiaz.com.pk/product/product-item-370578,Rs. 709.00,Milk
Imtiaz,Comelle Condensed Milk 72g,https://shop.imtiaz.com.pk/product/product-item-365196,Rs. 79.00,Milk
Imtiaz,Comelle Condensed Milk 1000g,https://shop.imtiaz.com.pk/product/product-item-368857,Rs. 849.00,Milk
Imtiaz,Comelle Condensed Milk 397g,https://shop.imtiaz.com.pk/product/product-item-365195,Rs. 379.00,Milk
Imtiaz,Pakola Milk Zafran 250ml,https://shop.imtiaz.com.pk/product/product-item-363854,Rs. 88.00,Flavoured Milk
Imtiaz,Dayfresh Flavour Milk Chocolate 225ml,https://shop.imtiaz.com.pk/product/product-item-363855,Rs. 89.00,Flavoured Milk
Imtiaz,Milo Drink 180ml,https://shop.imtiaz.com.pk/product/product-item-363857,Rs. 95.00,Flavoured Milk
Imtiaz,Pakola Flavour Milk Chocolate 125ml,https://shop.imtiaz.com.pk/product/product-item-365206,Rs. 45.00,Flavoured Milk
Imtiaz,Dayfresh Flavoured Milk Mango 225ml,https://shop.imtiaz.com.pk/product/product-item-365207,Rs. 89.00,Flavoured Milk
Imtiaz,Pakola Flavour Milk Strawberry 125ml,https://shop.imtiaz.com.pk/product/product-item-365208,Rs. 45.00,Flavoured Milk
Imtiaz,Dayfresh Flavoured Milk Chocolate Salted Caramel 225ml,https://shop.imtiaz.com.pk/product/product-item-365209,Rs. 145.00,Flavoured Milk
Imtiaz,Dayfresh Flavoured Milk Belgian Chocolate 225ml,https://shop.imtiaz.com.pk/product/product-item-365211,Rs. 145.00,Flavoured Milk
Imtiaz,Pakola Milk Ice Cream 250ml,https://shop.imtiaz.com.pk/product/product-item-365212,Rs. 88.00,Flavoured Milk
Imtiaz,Dayfresh Flavour Milk Banana 225ml,https://shop.imtiaz.com.pk/product/product-item-365213,Rs. 89.00,Flavoured Milk
Imtiaz,Pakola Milk Chocolate 250ml,https://shop.imtiaz.com.pk/product/product-item-365218,Rs. 88.00,Flavoured Milk
Imtiaz,Dayfresh Flavour Milk Strawberry 225ml,https://shop.imtiaz.com.pk/product/product-item-365219,Rs. 89.00,Flavoured Milk
Imtiaz,Pakola Flavour Milk Zafran 125ml,https://shop.imtiaz.com.pk/product/product-item-366906,Rs. 45.00,Flavoured Milk
Imtiaz,Pakola Flavour Milk Mango 125ml,https://shop.imtiaz.com.pk/product/product-item-370583,Rs. 45.00,Flavoured Milk
Imtiaz,Pakola Flavour Milk Ice Cream 125ml,https://shop.imtiaz.com.pk/product/product-item-370584,Rs. 45.00,Flavoured Milk
Imtiaz,Pakola Milk Mango 200ml,https://shop.imtiaz.com.pk/product/product-item-366907,Rs. 69.00,Flavoured Milk
Imtiaz,Pakola Milk Chikoo 200ml,https://shop.imtiaz.com.pk/product/product-item-368861,Rs. 69.00,Flavoured Milk
Imtiaz,Pakola Milk Kulfa 200ml,https://shop.imtiaz.com.pk/product/product-item-365205,Rs. 69.00,Flavoured Milk
Imtiaz,Shield Nipple Evenflo Extra Soft 2's,https://shop.imtiaz.com.pk/product/product-item-367828,Rs. 86.00,Baby Feeding Accessories
Imtiaz,Mechico Feeding Bottles 60ml,https://shop.imtiaz.com.pk/product/product-item-367829,Rs. 95.00,Baby Feeding Accessories
Imtiaz,Mechico Silicone Nipple 2's,https://shop.imtiaz.com.pk/product/product-item-369071,Rs. 65.00,Baby Feeding Accessories
Imtiaz,Pigeon Juice Feeder D-331,https://shop.imtiaz.com.pk/product/product-item-369074,"Rs. 1,025.00",Baby Feeding Accessories
Imtiaz,Pigeon Feeding Bottles A-483 120ml,https://shop.imtiaz.com.pk/product/product-item-369080,"Rs. 1,289.00",Baby Feeding Accessories
Imtiaz,Pigeon Feeding Bottles A-424 240ml,https://shop.imtiaz.com.pk/product/product-item-369082,"Rs. 2,359.00",Baby Feeding Accessories
Imtiaz,Pigeon Feeding Bottles A482 240ml,https://shop.imtiaz.com.pk/product/product-item-369083,"Rs. 3,099.00",Baby Feeding Accessories
Imtiaz,Pigeon Silicone Nipple Standard-Neck B-212 L,https://shop.imtiaz.com.pk/product/product-item-369086,Rs. 915.00,Baby Feeding Accessories
Imtiaz,Pigeon Peristalic Nipple B-700 S (B.A),https://shop.imtiaz.com.pk/product/product-item-369090,Rs. 229.00,Baby Feeding Accessories
Imtiaz,Pigeon Feeder PP Soft Touch 6+ Months 330ml,https://shop.imtiaz.com.pk/product/product-item-370665,"Rs. 2,799.00",Baby Feeding Accessories
Imtiaz,Pigeon Feeder PP Round Nursing 50ml A26282,https://shop.imtiaz.com.pk/product/product-item-370666,"Rs. 1,369.00",Baby Feeding Accessories
Imtiaz,Shield Silicone Nipple Evenflo Regular 2's,https://shop.imtiaz.com.pk/product/product-item-365340,Rs. 70.00,Baby Feeding Accessories
Imtiaz,Shield Nipple Evenflo Anti-colic 2's,https://shop.imtiaz.com.pk/product/product-item-370663,Rs. 89.00,Baby Feeding Accessories
Imtiaz,SEN Nappy Rash Cream 150ml,https://shop.imtiaz.com.pk/product/product-item-369126,Rs. 724.00,Skin Care
Imtiaz,Nero Kids Tooth Brush Spiderman + 3 Years,https://shop.imtiaz.com.pk/product/product-item-370646,Rs. 269.00,Hygiene
Imtiaz,Bona Papa Plus Diaper Eco (M) 50's,https://shop.imtiaz.com.pk/product/product-item-365334,"Rs. 1,189.00",Diapers & Pants
Imtiaz,Bona Papa Plus Diaper Eco (S) 50's,https://shop.imtiaz.com.pk/product/product-item-368976,Rs. 995.00,Diapers & Pants
Imtiaz,Cerelac Cereal 3 Fruits 350g,https://shop.imtiaz.com.pk/product/product-item-365347,Rs. 845.00,Baby Food
Imtiaz,Cerelac AppleStrawberry & Pears 175g,https://shop.imtiaz.com.pk/product/product-item-367847,Rs. 525.00,Baby Food
Imtiaz,Prep Up Cereal Rice 175g,https://shop.imtiaz.com.pk/product/product-item-369107,Rs. 385.00,Baby Food
Imtiaz,Prep Up Cereal Wheat&Milk 175g,https://shop.imtiaz.com.pk/product/product-item-369109,Rs. 385.00,Baby Food
Imtiaz,Prep Up Cereal Wheat Milk & Honey 175g,https://shop.imtiaz.com.pk/product/product-item-369110,Rs. 455.00,Baby Food
Imtiaz,Cerelac Cereal Wheat 350g,https://shop.imtiaz.com.pk/product/product-item-365344,Rs. 845.00,Baby Food
Imtiaz,Prep Up Cereal Wheat Milk & Fruits 175g,https://shop.imtiaz.com.pk/product/product-item-369111,Rs. 455.00,Baby Food
Imtiaz,Cerelac Cereal Wheat 175g,https://shop.imtiaz.com.pk/product/product-item-367848,Rs. 425.00,Baby Food
Imtiaz,Cerelac Cereal Yellow Fruits 175g,https://shop.imtiaz.com.pk/product/product-item-367849,Rs. 525.00,Baby Food
Imtiaz,Cerelac Cereal Red Fruits 175g,https://shop.imtiaz.com.pk/product/product-item-367846,Rs. 525.00,Baby Food
Imtiaz,Cerelac Cereal Nature's Slecetion Pomegrante 175g,https://shop.imtiaz.com.pk/product/product-item-369112,Rs. 589.00,Baby Food
Imtiaz,Cerelac Cereal Rice 175g,https://shop.imtiaz.com.pk/product/product-item-365345,Rs. 425.00,Baby Food
Imtiaz,Colgate Plax Mouth Wash Peppermint 250ml,https://shop.imtiaz.com.pk/product/product-item-369558,Rs. 445.00,Oral Care
Imtiaz,Listerine Mouth Wash Cool Mint 500ml,https://shop.imtiaz.com.pk/product/product-item-371289,"Rs. 1,199.00",Oral Care
Imtiaz,Listerine Mouth Wash Zero Mild Mint 500ml,https://shop.imtiaz.com.pk/product/product-item-371290,"Rs. 1,049.00",Oral Care
Imtiaz,Listerine Mouth Wash Advanced Tartar Control 250ml,https://shop.imtiaz.com.pk/product/product-item-371293,Rs. 725.00,Oral Care
Imtiaz,Tyfon Bleach 1Ltr,https://shop.imtiaz.com.pk/product/product-item-366843,Rs. 325.00,Laundry
Imtiaz,Super Bleach 500ml,https://shop.imtiaz.com.pk/product/product-item-366845,Rs. 149.00,Laundry
Imtiaz,Tyfon Bleach 500ml,https://shop.imtiaz.com.pk/product/product-item-366846,Rs. 205.00,Laundry
Imtiaz,Super Bleach 1Ltr,https://shop.imtiaz.com.pk/product/product-item-369701,Rs. 239.00,Laundry
Imtiaz,Robin Bleach 1Ltr,https://shop.imtiaz.com.pk/product/product-item-371912,"Rs. 1,095.00",Laundry
Imtiaz,Aci Noclo Non Chlorine Bleach 500ml,https://shop.imtiaz.com.pk/product/product-item-371913,Rs. 405.00,Laundry
Imtiaz,Robin Bleach 450ml,https://shop.imtiaz.com.pk/product/product-item-369702,Rs. 559.00,Laundry
Imtiaz,Super Clean Naphthalene Balls Large,https://shop.imtiaz.com.pk/product/product-item-369648,Rs. 456.00,Cleaning
Imtiaz,Roomi Naphthalene Balls Colored,https://shop.imtiaz.com.pk/product/product-item-366802,Rs. 215.00,Cleaning
Imtiaz,Jazee Butter Paper 12x14 24's,https://shop.imtiaz.com.pk/product/product-item-371928,Rs. 305.00,Disposable
Imtiaz,Jazee Butter Paper 9x12 36's,https://shop.imtiaz.com.pk/product/product-item-371929,Rs. 305.00,Disposable
Imtiaz,Tulip Toilet Roll Pink,https://shop.imtiaz.com.pk/product/product-item-363950,Rs. 55.00,Tissue
Imtiaz,Rose Petal Maxob Toilet Roll Family Pack 8's+2â€™s Free,https://shop.imtiaz.com.pk/product/product-item-365911,Rs. 909.00,Tissue
Imtiaz,Hankies Toilet Roll Twin Pack,https://shop.imtiaz.com.pk/product/product-item-365912,Rs. 209.00,Tissue
Imtiaz,Fay Toilet Roll Twin Pack,https://shop.imtiaz.com.pk/product/product-item-365914,Rs. 199.00,Tissue
Imtiaz,Hankies Toilet Roll Small,https://shop.imtiaz.com.pk/product/product-item-365915,Rs. 100.00,Tissue
Imtiaz,Fay Toilet Roll,https://shop.imtiaz.com.pk/product/product-item-365916,Rs. 109.00,Tissue
Imtiaz,Hankies Toilet Roll Single,https://shop.imtiaz.com.pk/product/product-item-365917,Rs. 115.00,Tissue
Imtiaz,Fay Toilet Roll Economy Pack 10's,https://shop.imtiaz.com.pk/product/product-item-369721,Rs. 912.00,Tissue
Imtiaz,Fay Toilet Roll Biggest 4's,https://shop.imtiaz.com.pk/product/product-item-371932,Rs. 415.00,Tissue
Imtiaz,Roomi Air Freshner Block Refill L,https://shop.imtiaz.com.pk/product/product-item-365946,Rs. 215.00,Air Fresheners & Home Fragrances
Imtiaz,Fresh Touch Air Freshner Refill Lavender 80g,https://shop.imtiaz.com.pk/product/product-item-365947,Rs. 165.00,Air Fresheners & Home Fragrances
Imtiaz,Fresh Touch Air Freshner Refill Lemon 80g,https://shop.imtiaz.com.pk/product/product-item-366855,Rs. 165.00,Air Fresheners & Home Fragrances
Imtiaz,Fresh Touch Air Freshner Refill Rose 80g,https://shop.imtiaz.com.pk/product/product-item-366856,Rs. 165.00,Air Fresheners & Home Fragrances
Imtiaz,Fresh Touch Air Freshner Refill Jasmine 80g,https://shop.imtiaz.com.pk/product/product-item-366854,Rs. 165.00,Air Fresheners & Home Fragrances
